<?xml version="1.0" encoding="utf-8"?>
<COLLADA xmlns="http://www.collada.org/2005/11/COLLADASchema" version="1.4.1" xmlns:xsi="http://www.w3.org/2001/XMLSchema-instance">
  <asset>
    <contributor>
      <author>Blender User</author>
      <authoring_tool>Blender 4.3.0 commit date:2024-11-19, commit time:08:52, hash:2b18cad88b13</authoring_tool>
    </contributor>
    <created>2025-02-19T20:57:07</created>
    <modified>2025-02-19T20:57:07</modified>
    <unit name="meter" meter="1"/>
    <up_axis>Z_UP</up_axis>
  </asset>
  <library_effects>
    <effect id="BGLBOT-effect">
      <profile_COMMON>
        <newparam sid="bglbot_png-surface">
          <surface type="2D">
            <init_from>bglbot_png</init_from>
          </surface>
        </newparam>
        <newparam sid="bglbot_png-sampler">
          <sampler2D>
            <source>bglbot_png-surface</source>
          </sampler2D>
        </newparam>
        <technique sid="common">
          <lambert>
            <emission>
              <color sid="emission">0 0 0 1</color>
            </emission>
            <diffuse>
              <texture texture="bglbot_png-sampler" texcoord="map1"/>
            </diffuse>
            <index_of_refraction>
              <float sid="ior">1</float>
            </index_of_refraction>
          </lambert>
        </technique>
      </profile_COMMON>
    </effect>
    <effect id="BGLNOSE-effect">
      <profile_COMMON>
        <newparam sid="bglnose_png-surface">
          <surface type="2D">
            <init_from>bglnose_png</init_from>
          </surface>
        </newparam>
        <newparam sid="bglnose_png-sampler">
          <sampler2D>
            <source>bglnose_png-surface</source>
          </sampler2D>
        </newparam>
        <technique sid="common">
          <lambert>
            <emission>
              <color sid="emission">0 0 0 1</color>
            </emission>
            <diffuse>
              <texture texture="bglnose_png-sampler" texcoord="map1"/>
            </diffuse>
            <index_of_refraction>
              <float sid="ior">1</float>
            </index_of_refraction>
          </lambert>
        </technique>
      </profile_COMMON>
    </effect>
    <effect id="BGLSIDE-effect">
      <profile_COMMON>
        <newparam sid="bglside_png-surface">
          <surface type="2D">
            <init_from>bglside_png</init_from>
          </surface>
        </newparam>
        <newparam sid="bglside_png-sampler">
          <sampler2D>
            <source>bglside_png-surface</source>
          </sampler2D>
        </newparam>
        <technique sid="common">
          <lambert>
            <emission>
              <color sid="emission">0 0 0 1</color>
            </emission>
            <diffuse>
              <texture texture="bglside_png-sampler" texcoord="map1"/>
            </diffuse>
            <index_of_refraction>
              <float sid="ior">1</float>
            </index_of_refraction>
          </lambert>
        </technique>
      </profile_COMMON>
    </effect>
    <effect id="BGLSPIKE-effect">
      <profile_COMMON>
        <newparam sid="bglspike_png-surface">
          <surface type="2D">
            <init_from>bglspike_png</init_from>
          </surface>
        </newparam>
        <newparam sid="bglspike_png-sampler">
          <sampler2D>
            <source>bglspike_png-surface</source>
          </sampler2D>
        </newparam>
        <technique sid="common">
          <lambert>
            <emission>
              <color sid="emission">0 0 0 1</color>
            </emission>
            <diffuse>
              <texture texture="bglspike_png-sampler" texcoord="map1"/>
            </diffuse>
            <index_of_refraction>
              <float sid="ior">1</float>
            </index_of_refraction>
          </lambert>
        </technique>
      </profile_COMMON>
    </effect>
    <effect id="BGLSPIKEH-effect">
      <profile_COMMON>
        <newparam sid="BGLSPIKEH_png-surface">
          <surface type="2D">
            <init_from>BGLSPIKEH_png</init_from>
          </surface>
        </newparam>
        <newparam sid="BGLSPIKEH_png-sampler">
          <sampler2D>
            <source>BGLSPIKEH_png-surface</source>
          </sampler2D>
        </newparam>
        <technique sid="common">
          <lambert>
            <emission>
              <color sid="emission">0 0 0 1</color>
            </emission>
            <diffuse>
              <texture texture="BGLSPIKEH_png-sampler" texcoord="map1"/>
            </diffuse>
            <index_of_refraction>
              <float sid="ior">1</float>
            </index_of_refraction>
          </lambert>
        </technique>
      </profile_COMMON>
    </effect>
    <effect id="BGLTOP-effect">
      <profile_COMMON>
        <newparam sid="bgltop_png-surface">
          <surface type="2D">
            <init_from>bgltop_png</init_from>
          </surface>
        </newparam>
        <newparam sid="bgltop_png-sampler">
          <sampler2D>
            <source>bgltop_png-surface</source>
          </sampler2D>
        </newparam>
        <technique sid="common">
          <lambert>
            <emission>
              <color sid="emission">0 0 0 1</color>
            </emission>
            <diffuse>
              <texture texture="bgltop_png-sampler" texcoord="map1"/>
            </diffuse>
            <index_of_refraction>
              <float sid="ior">1</float>
            </index_of_refraction>
          </lambert>
        </technique>
      </profile_COMMON>
    </effect>
    <effect id="BGLUNDER-effect">
      <profile_COMMON>
        <newparam sid="bglunder_png-surface">
          <surface type="2D">
            <init_from>bglunder_png</init_from>
          </surface>
        </newparam>
        <newparam sid="bglunder_png-sampler">
          <sampler2D>
            <source>bglunder_png-surface</source>
          </sampler2D>
        </newparam>
        <technique sid="common">
          <lambert>
            <emission>
              <color sid="emission">0 0 0 1</color>
            </emission>
            <diffuse>
              <texture texture="bglunder_png-sampler" texcoord="map1"/>
            </diffuse>
            <index_of_refraction>
              <float sid="ior">1</float>
            </index_of_refraction>
          </lambert>
        </technique>
      </profile_COMMON>
    </effect>
    <effect id="DRSKY-effect">
      <profile_COMMON>
        <newparam sid="drsky_png-surface">
          <surface type="2D">
            <init_from>drsky_png</init_from>
          </surface>
        </newparam>
        <newparam sid="drsky_png-sampler">
          <sampler2D>
            <source>drsky_png-surface</source>
          </sampler2D>
        </newparam>
        <technique sid="common">
          <lambert>
            <emission>
              <color sid="emission">0 0 0 1</color>
            </emission>
            <diffuse>
              <texture texture="drsky_png-sampler" texcoord="map1"/>
            </diffuse>
            <index_of_refraction>
              <float sid="ior">1</float>
            </index_of_refraction>
          </lambert>
        </technique>
      </profile_COMMON>
    </effect>
    <effect id="MURKHW-effect">
      <profile_COMMON>
        <newparam sid="MURKHW_png-surface">
          <surface type="2D">
            <init_from>MURKHW_png</init_from>
          </surface>
        </newparam>
        <newparam sid="MURKHW_png-sampler">
          <sampler2D>
            <source>MURKHW_png-surface</source>
          </sampler2D>
        </newparam>
        <technique sid="common">
          <lambert>
            <emission>
              <color sid="emission">0 0 0 1</color>
            </emission>
            <diffuse>
              <texture texture="MURKHW_png-sampler" texcoord="map1"/>
            </diffuse>
            <index_of_refraction>
              <float sid="ior">1</float>
            </index_of_refraction>
          </lambert>
        </technique>
      </profile_COMMON>
    </effect>
    <effect id="MURKSW-effect">
      <profile_COMMON>
        <newparam sid="MURKSW_png-surface">
          <surface type="2D">
            <init_from>MURKSW_png</init_from>
          </surface>
        </newparam>
        <newparam sid="MURKSW_png-sampler">
          <sampler2D>
            <source>MURKSW_png-surface</source>
          </sampler2D>
        </newparam>
        <technique sid="common">
          <lambert>
            <emission>
              <color sid="emission">0 0 0 1</color>
            </emission>
            <diffuse>
              <texture texture="MURKSW_png-sampler" texcoord="map1"/>
            </diffuse>
            <index_of_refraction>
              <float sid="ior">1</float>
            </index_of_refraction>
          </lambert>
        </technique>
      </profile_COMMON>
    </effect>
    <effect id="BGLWEEL-effect">
      <profile_COMMON>
        <newparam sid="bglweel_png-surface">
          <surface type="2D">
            <init_from>bglweel_png</init_from>
          </surface>
        </newparam>
        <newparam sid="bglweel_png-sampler">
          <sampler2D>
            <source>bglweel_png-surface</source>
          </sampler2D>
        </newparam>
        <technique sid="common">
          <lambert>
            <emission>
              <color sid="emission">0 0 0 1</color>
            </emission>
            <diffuse>
              <texture texture="bglweel_png-sampler" texcoord="map1"/>
            </diffuse>
            <index_of_refraction>
              <float sid="ior">1</float>
            </index_of_refraction>
          </lambert>
        </technique>
      </profile_COMMON>
    </effect>
  </library_effects>
  <library_images>
    <image id="BGLSPIKEH_png" name="BGLSPIKEH_png">
      <init_from>BGLSPIKEH.png</init_from>
    </image>
    <image id="MURKHW_png" name="MURKHW_png">
      <init_from>MURKHW.png</init_from>
    </image>
    <image id="MURKSW_png" name="MURKSW_png">
      <init_from>MURKSW.png</init_from>
    </image>
    <image id="bglbot_png" name="bglbot_png">
      <init_from>bglbot.png</init_from>
    </image>
    <image id="bglnose_png" name="bglnose_png">
      <init_from>bglnose.png</init_from>
    </image>
    <image id="bglside_png" name="bglside_png">
      <init_from>bglside.png</init_from>
    </image>
    <image id="bglspike_png" name="bglspike_png">
      <init_from>bglspike.png</init_from>
    </image>
    <image id="bgltop_png" name="bgltop_png">
      <init_from>bgltop.png</init_from>
    </image>
    <image id="bglunder_png" name="bglunder_png">
      <init_from>bglunder.png</init_from>
    </image>
    <image id="bglweel_png" name="bglweel_png">
      <init_from>bglweel.png</init_from>
    </image>
    <image id="drsky_png" name="drsky_png">
      <init_from>drsky.png</init_from>
    </image>
  </library_images>
  <library_materials>
    <material id="BGLBOT-material" name="BGLBOT">
      <instance_effect url="#BGLBOT-effect"/>
    </material>
    <material id="BGLNOSE-material" name="BGLNOSE">
      <instance_effect url="#BGLNOSE-effect"/>
    </material>
    <material id="BGLSIDE-material" name="BGLSIDE">
      <instance_effect url="#BGLSIDE-effect"/>
    </material>
    <material id="BGLSPIKE-material" name="BGLSPIKE">
      <instance_effect url="#BGLSPIKE-effect"/>
    </material>
    <material id="BGLSPIKEH-material" name="BGLSPIKEH">
      <instance_effect url="#BGLSPIKEH-effect"/>
    </material>
    <material id="BGLTOP-material" name="BGLTOP">
      <instance_effect url="#BGLTOP-effect"/>
    </material>
    <material id="BGLUNDER-material" name="BGLUNDER">
      <instance_effect url="#BGLUNDER-effect"/>
    </material>
    <material id="DRSKY-material" name="DRSKY">
      <instance_effect url="#DRSKY-effect"/>
    </material>
    <material id="MURKHW-material" name="MURKHW">
      <instance_effect url="#MURKHW-effect"/>
    </material>
    <material id="MURKSW-material" name="MURKSW">
      <instance_effect url="#MURKSW-effect"/>
    </material>
    <material id="BGLWEEL-material" name="BGLWEEL">
      <instance_effect url="#BGLWEEL-effect"/>
    </material>
  </library_materials>
  <library_geometries>
    <geometry id="Mesh_005-mesh" name="Mesh.005">
      <mesh>
        <source id="Mesh_005-mesh-positions">
          <float_array id="Mesh_005-mesh-positions-array" count="516">-7.70423e-5 0.483706 0.271283 -7.70423e-5 0.483706 0.109587 -7.69819e-5 -0.206906 0.109587 -7.69819e-5 -0.206906 0.271283 -0.155905 -0.144116 0.168029 -0.14614 -0.08936399 0.119143 -0.15953 -0.09588199 0.104151 -0.166199 -0.144116 0.1523849 -0.155905 -0.207309 0.168029 -0.166199 -0.207309 0.152386 -0.1326969 -0.330156 0.08807498 -0.153438 -0.253694 0.02568697 -0.138302 -0.30971 0.02563595 -0.159832 -0.253694 0.05193793 -0.13514 -0.326658 0.04985892 -0.159832 -0.253694 0.100346 -0.179014 0.27253 0.153737 -0.180751 0.224811 0.105927 -0.168815 0.2154279 0.119143 -0.167192 0.272385 0.174266 -0.179013 0.337365 0.153592 -0.167192 0.33722 0.174121 -0.179013 0.38542 0.106026 -0.167192 0.4120849 0.117171 -0.180751 0.224811 0.04483699 -0.157734 0.224811 0.02885097 -0.159585 0.113103 0.04483598 -0.15953 -0.09588199 0.04483598 -0.149491 0.113104 0.02885097 -0.1490589 -0.09588199 0.02885097 -0.159585 0.108107 0.103825 -0.147716 0.105781 0.119143 -0.179013 0.385488 0.03548598 -0.1559711 0.460696 0.124199 -0.1559711 0.460368 0.06003701 0.148087 0.106763 0.119143 0.146079 -0.08936399 0.119143 0.160471 0.108106 0.103825 0.159469 -0.09588193 0.104151 0.159469 -0.09588193 0.04483598 0.160471 0.113103 0.04483598 0.150377 0.113104 0.02885097 0.1806859 0.224811 0.105927 0.180687 0.224811 0.04483699 0.15767 0.224811 0.02885097 0.155844 -0.1441159 0.168029 0.166139 -0.1441159 0.1523849 0.155844 -0.2073079 0.168029 0.166138 -0.2073079 0.152386 0.132636 -0.330156 0.08807498 0.159771 -0.253695 0.05193793 0.159771 -0.253695 0.100346 0.135079 -0.326658 0.04985892 0.138243 -0.30971 0.02563595 0.16875 0.215428 0.119143 0.17895 0.27253 0.153737 0.1671289 0.272385 0.174266 0.1789489 0.337364 0.153592 0.167128 0.337219 0.174121 0.17895 0.385421 0.106026 0.167128 0.412086 0.117171 0.1789489 0.385489 0.03548598 0.1559069 0.460369 0.06003701 0.1559069 0.460697 0.124199 0.148998 -0.09588193 0.02885097 0.15338 -0.253695 0.02568697 -0.06035995 -0.352358 0.04985892 -0.06035995 -0.350026 0.08807498 0.06029903 -0.350026 0.08807498 0.06032299 -0.352358 0.04985892 0.06034803 -0.32958 0.02563595 -0.06035995 -0.32958 0.02563595 -0.09813201 0.460692 0.145737 -0.02563601 0.462622 0.152067 -0.115698 0.460697 0.124199 -0.115698 0.484094 0.124109 0.115634 0.460697 0.124199 0.02557194 0.462622 0.152067 0.09806698 0.460692 0.145737 0.115634 0.484094 0.124109 -0.115698 0.483766 0.071168 0.115634 0.483766 0.071168 -0.07007598 -0.26141 0.03249394 -0.07007598 -0.26141 0.109934 -0.07007598 -0.205028 0.148873 0.06987202 -0.2050279 0.148873 0.06987202 -0.26141 0.109934 0.06987202 -0.26141 0.03249394 0.06987202 -0.08012998 0.03249394 -0.07007598 -0.08012998 0.03249394 -0.07007598 -0.09605896 0.148873 0.06987202 -0.09605896 0.148873 -0.07007604 0.388926 0.03859102 -0.07007598 0.232425 0.150545 -0.07007604 0.388926 0.150545 0.06987196 0.205875 0.03328096 0.06987196 0.388926 0.03859102 0.06987196 0.232425 0.150545 -0.07007598 0.205875 0.03328096 0.06987196 0.388926 0.150545 -0.08265101 0.1495299 0.150556 -0.06335002 0.05056399 0.146483 -0.05318301 0.102007 0.183817 -0.01583999 0.02099198 0.1453599 -0.01682496 0.102007 0.183817 -0.06382399 0.1443449 0.190909 0.05311995 0.102007 0.183817 0.063286 0.05056399 0.146483 0.082587 0.1495299 0.150556 0.01577597 0.02099198 0.1453599 0.01676195 0.102007 0.183817 0.06375998 0.144345 0.190909 -0.117321 0.193668 0.119143 -0.136315 0.197795 0.119143 -0.110869 -0.08936399 0.119143 -0.07859998 -0.130102 0.1554629 -0.07859998 -0.144116 0.168029 -0.07859998 -0.207308 0.168029 -0.06035995 -0.144116 0.1576359 -0.06035995 -0.207309 0.152386 0.06029897 -0.2073079 0.152386 0.06029999 -0.144116 0.1576359 -0.07446402 0.1866829 0.198002 -0.05182397 0.226678 0.182976 -0.08588099 0.215124 0.183532 -0.09998601 0.197162 0.134849 -0.116498 0.227804 0.183972 -0.09750401 0.224426 0.183972 -0.123957 0.2723799 0.215749 -0.148225 0.272385 0.186509 -0.09813302 0.272381 0.223339 -0.123957 0.337215 0.215604 -0.148225 0.33722 0.186364 -0.134692 0.412086 0.117171 -0.05245298 0.274631 0.222343 -0.05245202 0.339465 0.222198 -0.02563703 0.27431 0.202135 -0.02500802 0.226357 0.162768 -0.02563601 0.339144 0.20199 -0.05289399 0.1404759 0.20599 -0.04416 0.1000289 0.195625 -0.02584797 0.1000289 0.195625 -7.70163e-5 0.1866829 0.198002 -0.01711398 0.1404759 0.20599 0.117258 0.193668 0.119143 0.110808 -0.08936399 0.119143 0.136252 0.197795 0.119143 0.07853901 -0.130102 0.1554629 0.07853901 -0.144116 0.168029 0.07853901 -0.207307 0.168029 0.08581697 0.215125 0.183532 0.05175995 0.226678 0.182976 0.07440096 0.1866829 0.198002 0.099922 0.197162 0.134849 0.123893 0.272381 0.215749 0.09743994 0.224427 0.183972 0.116433 0.227803 0.183972 0.1481609 0.272385 0.186509 0.123893 0.337215 0.215604 0.09806895 0.27238 0.223339 0.1481599 0.337219 0.186364 0.134629 0.412086 0.117171 0.05238896 0.274631 0.222343 0.05238795 0.339466 0.222198 0.02557295 0.274311 0.202135 0.02494394 0.226356 0.162768 0.02557295 0.339144 0.20199 0.02578395 0.1000289 0.195625 0.04409694 0.100029 0.195625 0.05283099 0.140476 0.20599 0.01704996 0.140476 0.20599 0.01676094 0.102007 0.183817</float_array>
          <technique_common>
            <accessor source="#Mesh_005-mesh-positions-array" count="172" stride="3">
              <param name="X" type="float"/>
              <param name="Y" type="float"/>
              <param name="Z" type="float"/>
            </accessor>
          </technique_common>
        </source>
        <source id="Mesh_005-mesh-normals">
          <float_array id="Mesh_005-mesh-normals-array" count="828">-1 0 0 -1 0 0 -1 0 0 -1 0 0 -0.4353629 0.3308883 0.8372409 -0.4664688 0.2030262 0.8609224 -0.9131068 0.1742224 0.3686225 -0.7877005 0.3329702 0.518323 -0.4593073 -0.2183318 0.8610274 -0.8583916 -0.2809703 0.4292082 -0.6142737 -0.6544499 0.4408664 -0.9397978 -0.2537341 -0.2289087 -0.7519996 -0.5467674 -0.3681604 -0.9481369 -0.2983819 -0.1095667 -0.6570755 -0.727685 -0.19679 -0.9371182 -0.3399949 0.07882326 -0.8363993 -0.2792547 0.4716495 -0.9152565 -0.2459285 0.3191 -0.6097492 -0.383607 0.6935788 -0.6589781 -0.3109889 0.6848605 -0.833859 0.2688901 0.4820553 -0.700602 0.2508417 0.6680086 -0.8854571 0.3785036 0.269631 -0.8085203 0.467452 0.3574682 -0.8827839 -0.1629505 -0.4406129 -0.5991271 0.003106176 -0.8006479 -0.9691706 -0.07878649 -0.2334544 -0.9593843 -0.002899646 -0.2820878 -0.8420264 -0.0322085 -0.538474 -0.8365063 -0.001729369 -0.5479548 -0.9383817 -0.09444618 0.332445 -0.424396 -0.03957331 0.9046117 -0.9517557 0.3059621 0.02342003 -0.782798 0.6220802 0.01560598 -0.822102 0.5693317 -0.00313133 0.4119912 -0.04025262 0.9102983 0.4517879 0.3503541 0.8204509 0.9369069 -0.09515416 0.3363795 0.914292 0.1807259 0.3625028 0.9581884 -0.009548902 -0.2859789 0.9282296 -0.06140047 -0.3669056 0.8443466 -0.02490043 -0.5352185 0.909687 -0.2451858 0.3351919 0.8847655 -0.1541842 -0.4397925 0.6624405 -0.09385567 -0.7432117 0.4369842 0.3303123 0.8366234 0.7876743 0.3329873 0.5183518 0.4682413 -0.2197026 0.8558511 0.8583878 -0.2809777 0.4292106 0.625745 -0.6507702 0.4300482 0.9481386 -0.2983928 -0.1095209 0.9371161 -0.3399977 0.07883608 0.6559666 -0.7286297 -0.1969941 0.7658815 -0.5277707 -0.3672653 0.6144388 -0.3807325 0.6910194 0.8364118 -0.2792565 0.471626 0.6722589 -0.3111013 0.6717768 0.8338643 0.2688747 0.4820547 0.691735 0.2328911 0.6835674 0.8854494 0.3785108 0.2696462 0.8075299 0.4660943 0.3614578 0.9517523 0.3059729 0.02341461 0.8220978 0.5693378 -0.00313133 0.7829502 0.6218947 0.01535862 0.8364951 -0.005519509 -0.5479468 0.9398162 -0.2537593 -0.2288048 -0.1647671 -0.9332121 -0.3193231 -0.1170277 -0.8490046 0.5152628 0.07703763 -0.8390665 0.5385469 0.1454692 -0.9125269 -0.3822739 0.09611386 -0.7103435 -0.6972619 -0.09450739 -0.7252404 -0.6819786 -0.3437549 0.787477 0.5115786 -0.01476657 0.8597418 0.5105156 -0.6445963 0.5836307 0.4938329 9.13878e-7 -0.03688848 0.9993194 0 0.003846406 0.9999926 3.01415e-6 -0.1099907 0.9939327 0.6360958 0.5738106 0.5158716 0.01353323 0.858272 0.5130168 0.3676685 0.7954168 0.4818011 0 -0.1099892 0.9939329 0 0.003846406 0.9999926 0 -0.0368883 0.9993194 -0.2597911 0.9656482 -0.005691587 -0.2777195 0.9606438 -0.005951881 0.2777057 0.9606478 -0.005952417 0.2597866 0.9656493 -0.005692124 3.11283e-6 1 8.74662e-7 2.95917e-6 0.9306058 -0.366023 6.65408e-7 0.930598 -0.366043 3.06701e-6 1 1.53038e-6 3.13872e-6 1 1.6232e-7 3.20541e-6 1 -9.25046e-7 0 -1 -2.63785e-7 0 -0.9190345 -0.3941771 -1.91756e-7 -1 0 1.91757e-7 -1 0 0 -0.9190382 -0.3941686 0 -1 0 9.11313e-7 0.3967667 -0.9179195 -1.22246e-6 0.3967764 -0.9179154 0 -0.3704003 -0.9288722 0 -0.3704127 -0.9288673 0 1 0 0 0.9253593 -0.3790913 0 0.9253544 -0.3791034 0 1 4.50061e-7 0 1 0 2.97655e-6 -0.9999995 -9.64098e-4 2.83071e-6 -0.9999995 -9.62886e-4 2.69077e-6 -0.9227067 -0.3855031 8.34309e-7 -0.9227133 -0.385487 8.83191e-7 -0.3813406 -0.9244346 -1.04769e-6 -0.381356 -0.9244283 0 0.3852105 -0.9228289 0 0.385208 -0.9228299 -1 0 0 -1 2.13302e-7 0 -1 0 0 1 1.30058e-7 0 1 4.26603e-7 0 1 1.22523e-7 0 1 0 0 -1 0 0 -1 0 0 1 1.46877e-7 0 -1 0 0 -1 0 0 -1 0 0 1 1.74697e-7 0 1 1.41539e-7 0 1 1.55359e-7 0 -1 0 0 1 0 0 -0.8698067 -0.236149 0.4332091 -0.04342323 -0.7092718 0.7035965 -0.592097 -0.1041936 0.7991026 -0.1027567 -0.4648163 0.8794242 0 -0.4288282 0.9033861 -0.8822455 -0.2845641 0.3750551 0.5870411 -0.336245 0.7364252 0.4744613 -0.4536974 0.7543509 0.8698129 -0.2361392 0.4332017 0.03391438 -0.5154724 0.8562349 -2.8763e-7 -0.4288283 0.9033861 0.8822502 -0.2845445 0.375059 -0.03296595 -0.009709835 -0.9994093 1.18799e-4 8.17776e-4 -0.9999998 -0.00172764 0.001167953 -0.9999979 9.30157e-4 -0.01977467 -0.9998041 -1.18842e-4 8.17764e-4 -0.9999998 0.01396912 -0.03088635 -0.9994253 -1.344e-6 0.4296036 -0.9030175 -3.76999e-6 0.3713024 -0.928512 0 0.3713311 -0.9285005 0 0.4295912 -0.9030235 -9.8266e-7 0.3115525 -0.9502289 -8.84251e-7 0.311553 -0.9502288 0.001337051 -0.004453539 -0.9999892 0 0 -1 0 0 -1 -0.001088023 -0.0818755 -0.9966421 -0.00533539 0.001182734 -0.9999852 -0.1090682 0.001731455 -0.9940328 0 0 -1 0 0 -1 0 0 -1 0 0 -1 0 0.02899616 -0.9995796 0 0.02899616 -0.9995796 0 0.02899616 -0.9995796 0 0.02899616 -0.9995796 -0.1332281 -0.5641217 0.8148725 -0.1883404 -0.3993831 0.8972297 -0.08091086 0.6252969 0.7761812 0.09925991 0.6633471 0.7416995 0.2218759 0.3343158 0.9159717 0.3082641 -0.1949591 0.9311091 0.5382928 0.2341274 0.8095835 0.6384931 -0.1950344 0.7445054 1.11553e-6 -0.2504375 0.9681329 2.16147e-6 -0.2504349 0.9681335 -0.00322026 0.004504799 0.9999848 0.02525019 0.03794187 0.998961 -0.5549077 0.09021723 0.8270056 -0.1947976 0.5906498 0.7830624 -0.674756 0.09436959 0.7319828 -0.137434 0.02350592 0.9902321 0.09904694 0.04562336 0.9940363 0.01988416 0.06879955 0.9974324 -0.6696594 -0.01526564 0.7425115 -0.703459 -0.009265899 0.7106755 -0.8093709 -0.1092987 0.5770376 -0.3305771 -0.7088787 0.6230649 -0.2020176 -0.6725511 0.7119438 -0.5102595 -0.3110411 0.8018035 -0.6627159 -0.3081108 0.6825506 -0.1186649 -0.3067751 0.9443557 -0.4744639 0.258305 0.841524 -0.6232081 0.3233184 0.7120934 -0.5470116 0.5166772 0.6586525 4.30507e-6 -0.1430897 0.9897097 4.98073e-6 -0.1430894 0.9897097 -0.7801166 -0.1209696 0.6138277 -0.2653316 -0.3735793 0.8888407 -0.4154939 -0.786244 0.4573678 0.4695947 -0.5947886 0.6524627 -0.03007298 0.06604558 0.9973633 0.3050327 -0.2998348 0.9039106 0.1700568 0.2431805 0.9549576 0.3187958 -0.3407887 0.8844391 0.5136507 -0.522602 0.6804779 0.3776308 0.1898326 0.9062884 -0.4052268 -0.2092135 0.8899557 -0.4004253 -0.3076559 0.8631383 0.2864838 -0.2954177 0.911403 -0.01160162 0.3901237 0.9206894 0.0467258 -0.1987394 0.9789379 -0.8361847 -0.2902795 0.4653311 0 -0.986258 -0.1652126 0 -0.986258 -0.1652128 0 -0.986258 -0.1652123 0 -0.9862582 -0.1652119 0.7801346 -0.3080044 0.5445395 -0.7875374 -0.3032959 0.5364668 -0.02524155 0.6218222 0.7827517 0.1348432 -0.5644969 0.8143467 0.0174818 0.395447 0.9183224 0.1883813 -0.3993747 0.8972248 -0.04009193 0.6673012 0.7437081 -0.2219419 0.3343105 0.9159576 -0.2703902 -0.2336614 0.9339655 -0.50417 0.1849603 0.8435654 -0.6384935 -0.1950296 0.7445062 0.7805369 -0.006256103 0.6250784 -0.1069353 0.5349615 0.8380818 0.4783458 0.05610162 0.8763778 -0.09903186 0.04560989 0.9940385 0.2335808 0.08126384 0.9689356 0.8087604 -0.1060035 0.5785066 0.7273685 0.01802468 0.6860104 0.6696395 -0.01526033 0.7425296 0.505244 -0.3113396 0.8048579 0.1813659 -0.6986806 0.6920635 0.3301838 -0.7022032 0.6307848 0.6621702 -0.3102444 0.6821137 0.4558638 0.2523909 0.8535145 0.1171234 -0.3062465 0.9447196 0.6720896 0.2783128 0.686176 0.5702417 0.5292174 0.6282941 0 -0.1430886 0.98971 0 -0.1430887 0.98971 0.7927308 -0.1236132 0.596907 0.4154925 -0.7862318 0.4573898 0.2653276 -0.3735753 0.8888436 -0.2915153 -0.5677058 0.7698889 -0.3050379 -0.2998357 0.9039084 -0.2058853 0.1772158 0.962396 -0.3187936 -0.34077 0.884447 -0.219221 -0.6173545 0.7555234 -0.3039819 0.1372122 0.9427449 -0.4004207 -0.307655 0.8631406 0.4004256 -0.3076556 0.8631381 0.3835881 -0.2099203 0.8993296 -0.03799605 -0.101047 0.9941559 0.8370067 -0.2881018 0.4652067 3.53679e-7 -0.9862582 -0.1652116 1.33716e-7 -0.9862583 -0.1652113 2.07692e-7 -0.9862583 -0.1652114 5.30963e-7 -0.9862582 -0.1652119 -0.7801355 -0.3080039 0.5445387 0.7875443 -0.3032912 0.5364592 -0.2458339 0.7257179 0.6425724 0 -0.4993736 0.8663868 2.56213e-7 -0.4993737 0.8663867</float_array>
          <technique_common>
            <accessor source="#Mesh_005-mesh-normals-array" count="276" stride="3">
              <param name="X" type="float"/>
              <param name="Y" type="float"/>
              <param name="Z" type="float"/>
            </accessor>
          </technique_common>
        </source>
        <source id="Mesh_005-mesh-map-0">
          <float_array id="Mesh_005-mesh-map-0-array" count="1860">0 1 0 0 1 0 0 1 1 0 1 1 0.76476 0.9580368 0.6955284 0.629126 0.7037701 0.5282581 0.7037701 0.5282581 0.76476 0.8527821 0.76476 0.9580368 0.8446649 0.9580368 0.76476 0.9580368 0.76476 0.8527821 0.76476 0.8527821 0.8446649 0.8527888 0.8446649 0.9580368 1 0.4200969 0.8446649 0.9580368 0.8446649 0.8527888 0.9033169 3.43144e-4 0.9741469 0 0.9033169 0.1769629 0.9955769 0.1629751 1 0.4200969 0.9033169 0.5026576 1 0.4200969 0.8446649 0.8527888 0.9033169 0.5026576 0.2379282 0.8618785 0.298267 0.5402073 0.3101314 0.629126 0.3101314 0.629126 0.2381116 1 0.2379282 0.8618785 0.155947 0.8609029 0.2379282 0.8618785 0.2381116 1 0.2381116 1 0.1561303 0.9990245 0.155947 0.8609029 0.09518343 0.5408733 0.155947 0.8609029 0.1561303 0.9990245 0.1561303 0.9990245 0.06146663 0.6158582 0.09518343 0.5408733 0.298267 0.1291865 0.298267 0.02163094 0.4395171 0.1291798 0.7037701 0.1291798 0.4395159 0.02163094 0.7037701 0.02163094 0.4458343 0.5260648 0.4487755 0.629126 0.3101314 0.629126 0.4458343 0.5260648 0.7037701 0.1291798 0.7037701 0.5282581 0.298267 0.1291865 0.4458343 0.5260648 0.298267 0.5402073 0.4458343 0.5260648 0.4395171 0.1291798 0.7037701 0.1291798 0.4458343 0.5260648 0.7037701 0.5282581 0.6955284 0.629126 0.298267 0.5402073 0.4458343 0.5260648 0.3101314 0.629126 0.09509742 0.06627196 0.09518343 0.5408733 0.06146663 0.6158582 0 0.6631434 4.14759e-4 0.2314539 0.09509742 0.06627196 0.06146663 0.6158582 0 0.6631434 0.09509742 0.06627196 0.4395171 0.1291798 0.298267 0.02163094 0.4395159 0.02163094 0.4458343 0.5260648 0.298267 0.1291865 0.4395171 0.1291798 0.4395159 0.02163094 0.7037701 0.1291798 0.4395171 0.1291798 0.4458343 0.5260648 0.6955284 0.629126 0.4487755 0.629126 0.9955769 0.1629751 0.9033169 0.5026576 0.9033169 0.1769629 0.9033169 0.1769629 0.9741469 0 0.9955769 0.1629751 0.4475345 0.629126 0.6955288 0.629126 0.4458363 0.5260648 0.7037705 0.5282581 0.7037705 0.1291798 0.4458363 0.5260648 0.4395178 0.1291798 0.7037705 0.1291798 0.4395166 0.02163094 0.2982679 0.5402073 0.4458363 0.5260648 0.2982679 0.1291865 0.4395166 0.02163094 0.2982679 0.02163094 0.4395178 0.1291798 0.4395178 0.1291798 0.2982679 0.1291865 0.4458363 0.5260648 0.6955288 0.629126 0.7037705 0.5282581 0.4458363 0.5260648 0.7037705 0.5282581 0.6955288 0.629126 0.7647603 0.9580368 0.7647603 0.9580368 0.7647603 0.8527821 0.7037705 0.5282581 0.7647603 0.8527821 0.7647603 0.9580368 0.8446639 0.9580368 0.8446639 0.9580368 0.8446639 0.8527888 0.7647603 0.8527821 0.8446639 0.8527888 0.8446639 0.9580368 1 0.4200969 0.9033183 0.1769629 0.9033183 0.5026576 0.995577 0.1629751 0.995577 0.1629751 0.9741469 0 0.9033183 0.1769629 0.9033183 0.5026576 0.8446639 0.8527888 1 0.4200969 0.3101322 0.629126 0.4458363 0.5260648 0.2982679 0.5402073 0.3101322 0.629126 0.2982679 0.5402073 0.2379292 0.8618785 0.2379292 0.8618785 0.2381125 1 0.3101322 0.629126 0.2381125 1 0.2379292 0.8618785 0.1559493 0.8609029 0.1559493 0.8609029 0.1561326 0.9990245 0.2381125 1 0.1561326 0.9990245 0.1559493 0.8609029 0.09518331 0.5408733 0.09518331 0.5408733 0.06146651 0.6158582 0.1561326 0.9990245 0.09509736 0.06627196 4.14759e-4 0.2314539 0 0.6631434 0.09509736 0.06627196 0 0.6631434 0.06146651 0.6158582 0.06146651 0.6158582 0.09518331 0.5408733 0.09509736 0.06627196 0.7037705 0.02163094 0.4395166 0.02163094 0.7037705 0.1291798 0.4395178 0.1291798 0.2982679 0.02163094 0.2982679 0.1291865 0.7037705 0.1291798 0.4395178 0.1291798 0.4458363 0.5260648 0.3101322 0.629126 0.4475345 0.629126 0.4458363 0.5260648 0.9033183 0.1769629 0.9741469 0 0.9033183 3.43144e-4 0.9033183 0.5026576 1 0.4200969 0.995577 0.1629751 0.01143389 0.3879466 0 0 0.281842 0.3879466 0.281842 0.3879466 0.281842 1 0.01143389 0.3879466 0.9885588 0.3879466 0.9797248 1 0.7181507 1 0.7182375 0.3879466 0.7183279 0 1 0 0.7182375 0.3879466 0.7181507 1 0.281842 1 0.281842 0.3879466 0.281842 0 0.7183279 0 0.9885588 0.3879466 0.7181507 1 0.7182375 0.3879466 0.7182375 0.3879466 1 0 0.9885588 0.3879466 0.7182375 0.3879466 0.281842 1 0.281842 0.3879466 0 0 0.281842 0 0.281842 0.3879466 0.281842 0.3879466 0.7183279 0 0.7182375 0.3879466 0.281842 1 0.0202679 1 0.01143389 0.3879466 0.8145461 0.931218 0.5820962 1 0.8708694 0.6971857 0.8708694 0.6971857 0.8708694 0.6962078 1 0.6971857 0.1291306 0.6971857 0.4179038 1 0.1854571 0.931218 0 0.6971857 0.1291306 0.6962078 0.1291306 0.6971857 0.1291306 0.6971857 0.1291306 0.6962078 0.8708694 0.6962078 0.8708694 0.6962078 0.8708694 0.6971857 0.1291306 0.6971857 0.4179038 1 0.8708694 0.6971857 0.5820962 1 0.8708694 0.6971857 0.4179038 1 0.1291306 0.6971857 0.8708694 0.6962078 0.8708694 0.1209497 1 0 0.8708694 0.6962078 1 0 1 0.6971857 0 0 0.1291306 0.1209497 0.1291306 0.6962078 0 0.6971857 0 0 0.1291306 0.6962078 0.1291306 0.6962078 0.1291306 0.1209497 0.8708694 0.1209497 0.8708694 0.1209497 0.8708694 0.6962078 0.1291306 0.6962078 0.9999936 0.2071918 0.9999936 0.5892627 1 0.5892627 0.9999936 0 1 0.2071918 1 0 0 0.02497261 0 0.6192945 0 0.1511377 0 0.1511377 0 0.6192945 0 0.02497261 0 0.02497261 0 0.02497261 0 0.6192945 0 0.6192945 0 0.02497261 0 0.6192945 0.9999936 0.5892627 0.7060697 1 1 0.5892627 1 0.5892627 0.7060697 1 0.7060634 1 0.7060634 1 0.7060697 1 0.3056402 0.9999921 0.7060634 1 0.3056402 0.9999921 0.3056402 0.9999921 0 0.6192945 0.3056402 0.9999921 0.3056402 0.9999921 0 0.6192945 0.3056402 0.9999921 0 0.6192945 0.9999936 0 1 0.5892627 1 0.2071918 0.9999936 0 0.9999936 0.2071918 1 0.5892627 1 0 1 0.6171709 1 0.6171709 1 0 1 0 1 0.6171709 1 0.6171709 1 0 1 0.1280046 1 0.1280046 1 0 1 0.6171709 6.19888e-6 0.05312842 0 0.05312842 4.23193e-4 0.6179636 6.19888e-6 0.05312842 4.23193e-4 0.6179636 4.29392e-4 0.6179636 4.29392e-4 0.6179636 4.23193e-4 0.6179636 0.2995122 0.998839 4.29392e-4 0.6179636 0.2995122 0.998839 0.299506 0.998839 0.299506 0.998839 0.2995122 0.998839 0.7030149 1 0.7030149 1 0.7030149 1 0.299506 0.998839 1 0.6171709 0.7030149 1 0.7030149 1 1 0.6171709 0.7030149 1 1 0.6171709 1 0 1 0.6654121 0.6889783 1 0.6889783 1 1 0.6654121 1 0 1 0 0 0 0.6889783 1 0 0 0.6889783 1 0.08786952 1 0.6889783 1 0 0 1 0 0 0 0.08786952 1 0.6889783 1 1.19209e-7 0.04528248 0.8549585 1 1.19209e-7 1 1 0 1.19209e-7 0.04528248 0.8549585 1 0.8549585 1 1.19209e-7 0.04528248 1 0 1.19209e-7 0.04528248 1.19209e-7 1 0.8549585 1 0 0.1140749 0.7699357 0.0246548 0.3697194 0.8442996 0.3697194 0.8442996 0.7699357 0.0246548 1 0 0.3697194 0.8442996 1 0 0.3697194 0.8442996 0.04033821 1 0 0.1140749 0.3697194 0.8442996 0.3697194 0.8442996 0.7699357 0.0246548 0 0.1140749 1 0 0.7699357 0.0246548 0.3697194 0.8442996 0.3697194 0.8442996 1 0 0.3697194 0.8442996 0.3697194 0.8442996 0 0.1140749 0.04033821 1 0.3697194 0.8442996 1 0 1 0 1 0 0.3697194 0.8442996 0.3697194 0.8442996 0.8862701 0.02443003 0.9285538 0.09330105 0.6685318 0 0.3313229 0 0.07142937 0.0932998 0.113716 0.02443003 0.07142937 0.0932998 0.3313229 0 0.6685318 0 0.6685318 0 0.9285538 0.09330105 0.07142937 0.0932998 0.1768763 1 0.06436991 0.9712336 0.93563 0.9712324 0.93563 0.9712324 0.8231237 1 0.1768763 1 0.06436991 0.9712336 0 0.8791695 0.93563 0.9712324 0.93563 0.9712324 0 0.8791695 1 0.8791683 0.07981848 0.5442752 0.08367085 0.2873292 0.9163207 0.2873292 0.05944484 0.6816177 0.9175276 0.5442752 0.9405551 0.6816177 0.07981848 0.5442752 0.9163207 0.2873292 0.9175276 0.5442752 0.9175276 0.5442752 0.05944484 0.6816177 0.07981848 0.5442752 0.3199999 0.93 0.6686783 0.93 0.6686783 0.6758136 0.3199999 0.93 0.6686783 0.6758136 0.3199999 0.6758136 0.6686783 0.93 0.3199999 0.93 0.3199999 0.6758135 0.6686783 0.93 0.3199999 0.6758135 0.6686783 0.6758135 0.8474546 0.33096 0.9037223 0.3258816 0.9374965 0.439109 0.9374965 0.439109 0.9328277 0.6792436 0.8283413 0.6792436 0.7327477 0.7293736 0.8283413 0.6792436 0.9328277 0.6792436 0.7327477 0.7466185 0.9617555 0.7466185 0.9617555 0.8243803 0.9617555 0.8243803 0.7327477 0.824379 0.7327477 0.7466185 0.7327477 0.7293736 0.7327477 0.7466185 0.6787137 0.7466185 0.6787137 0.7466185 0.7327477 0.7466185 0.7327477 0.824379 0.7327477 0.824379 0.6787137 0.8243803 0.6787137 0.7466185 0.6787137 1 0.3212744 0.824379 0.6787137 0.8243803 0.3212744 0.824379 0.6787137 0.7466185 0.6787137 0.8243803 0.3212744 0.824379 0.3212715 0.7466185 0.6787137 0.7466185 0.6787137 1 0.9617555 0.8243803 0.8930043 0.9755491 0.7327477 0.824379 0.9617555 0.8243803 0.6787137 1 0.6787137 0.8243803 0.7327477 0.824379 0.6787137 1 0.7327477 0.7293736 0.9328277 0.6792436 0.9617555 0.7466185 0.9617555 0.7466185 0.7327477 0.7466185 0.7327477 0.7293736 0.7204954 0.3395554 0.6534268 0.2903397 0.7543169 0.3045575 0.7327477 0.7293736 0.6787137 0.7466185 0.6875713 0.5070559 0.546828 0.5434456 0.6787137 0.7466185 0.3212715 0.7466185 0.8474546 0.33096 0.8283413 0.6792436 0.7961015 0.3266605 0.8450165 0.2889541 0.7887489 0.2931109 0.867113 0.2341013 0.9390043 0.2340952 0.9951921 0.2340952 0.9037223 0.3258816 0.867113 0.2341013 0.7906122 0.2341001 0.867113 0.1543189 0.9390043 0.1543127 0.9951921 0.1543127 0.9390043 0.2340952 0.8989143 0.06218683 0.9951921 0.06218808 0.9390043 0.1543127 0.8426466 0.002368807 0.961951 0.002370059 0.8989143 0.06218683 0.9374965 0.439109 0.8283413 0.6792436 0.8474546 0.33096 0.9951921 0.2340952 1 0.3041834 0.9037223 0.3258816 0.7887489 0.2931109 0.7906122 0.2341001 0.867113 0.2341013 0.9951921 0.1543127 0.9951921 0.2340952 0.9390043 0.2340952 0.9951921 0.06218808 0.9951921 0.1543127 0.9390043 0.1543127 0.867113 0.1543189 0.7906093 0.002375006 0.8989143 0.06218683 0.961951 0.002370059 0.9951921 0.06218808 0.8989143 0.06218683 0.8450165 0.2889541 0.9037223 0.3258816 0.8474546 0.33096 0.8474546 0.33096 0.7887489 0.2931109 0.8450165 0.2889541 0.9390043 0.2340952 0.9037223 0.3258816 0.8450165 0.2889541 0.8450165 0.2889541 0.867113 0.2341013 0.9390043 0.2340952 0.867113 0.1543189 0.9390043 0.1543127 0.9390043 0.2340952 0.9390043 0.2340952 0.867113 0.2341013 0.867113 0.1543189 0.9390043 0.1543127 0.867113 0.1543189 0.8989143 0.06218683 0.7906093 0.002375006 0.8426466 0.002368807 0.8989143 0.06218683 0.8283413 0.6792436 0.7327477 0.7293736 0.7447484 0.3852738 0.6875713 0.5070559 0.7447484 0.3852738 0.7327477 0.7293736 0.7961015 0.3266605 0.7447484 0.3852738 0.7543169 0.3045575 0.7543169 0.3045575 0.7887489 0.2931109 0.7961015 0.3266605 0.7543169 0.3045575 0.6534268 0.2903397 0.7887489 0.2931109 0.7447484 0.3852738 0.7204954 0.3395554 0.7543169 0.3045575 0.7961015 0.3266605 0.8283413 0.6792436 0.7447484 0.3852738 0.7887489 0.2931109 0.8474546 0.33096 0.7961015 0.3266605 0.546828 0.5434456 0.3212715 0.7466185 0.453169 0.5434456 0.6875713 0.5070559 0.6787137 0.7466185 0.546828 0.5434456 0.6552901 0.2313314 0.7906122 0.2341001 0.7887489 0.2931109 0.7887489 0.2931109 0.6534268 0.2903397 0.6552901 0.2313314 0.6552872 0.1515502 0.867113 0.1543189 0.7906122 0.2341001 0.7906122 0.2341001 0.6552901 0.2313314 0.6552872 0.1515502 0.5758476 0 0.7906093 0.002375006 0.867113 0.1543189 0.867113 0.1543189 0.6552872 0.1515502 0.5758476 0 0.5758506 0.2317264 0.6552901 0.2313314 0.6534268 0.2903397 0.6534268 0.2903397 0.5739873 0.2907347 0.5758506 0.2317264 0.5758476 0.1519452 0.6552872 0.1515502 0.6552901 0.2313314 0.6552901 0.2313314 0.5758506 0.2317264 0.5758476 0.1519452 0.6552872 0.1515502 0.5758476 0.1519452 0.5758476 0 0.6565965 0.3964152 0.630723 0.446187 0.5764756 0.446187 0.5001319 0.3395554 0.7204954 0.3395554 0.5506021 0.3964152 0.7204954 0.3395554 0.6889755 0.3916542 0.6565965 0.3964152 0.630723 0.446187 0.6574527 0.443753 0.549746 0.443753 0.549746 0.443753 0.5764756 0.446187 0.630723 0.446187 0.5764756 0.446187 0.549746 0.443753 0.5506021 0.3964152 0.6565965 0.3964152 0.5764756 0.446187 0.5506021 0.3964152 0.6574527 0.443753 0.630723 0.446187 0.6565965 0.3964152 0.5506021 0.3964152 0.7204954 0.3395554 0.6565965 0.3964152 0.7204954 0.3395554 0.5001319 0.3395554 0.6534268 0.2903397 0.5739873 0.2907347 0.6534268 0.2903397 0.5001319 0.3395554 0.1525395 0.33096 0.171647 0.6792436 0.06121194 0.4379006 0 0.3041834 0.09627181 0.3258816 0.06121194 0.4379006 0.06716042 0.6792436 0.171647 0.6792436 0.2672404 0.7293736 0.2672404 0.7293736 0.2672404 0.7466185 0.03823262 0.7466185 0.03823262 0.7466185 0.2672404 0.7466185 0.03823262 0.824379 0.2672404 0.7466185 0.2672404 0.8243778 0.03823262 0.824379 0.3212744 1 0.1069839 0.9755491 0.03823262 0.824379 0.3212715 0.7466185 0.2672404 0.7466185 0.2672404 0.7293736 0.2672404 0.8243778 0.2672404 0.7466185 0.3212715 0.7466185 0.3212715 0.7466185 0.3212744 0.824379 0.2672404 0.8243778 0.03823262 0.824379 0.2672404 0.8243778 0.3212744 1 0.3212744 1 0.2672404 0.8243778 0.3212744 0.824379 0.3212744 1 0.3212744 0.824379 0.6787137 1 0.03823262 0.7466185 0.06716042 0.6792436 0.2672404 0.7293736 0.2456801 0.3045562 0.3465703 0.2903397 0.2794988 0.3395554 0.3124257 0.5070559 0.3212715 0.7466185 0.2672404 0.7293736 0.2038955 0.3266605 0.171647 0.6792436 0.1525395 0.33096 0.132884 0.2341001 0.2112482 0.2931097 0.1549835 0.2889553 0.09627181 0.3258816 0.004802048 0.2340952 0.06099271 0.2340952 0.132884 0.1543189 0.2093849 0.2341013 0.132884 0.2341001 0.06099271 0.2340952 0.004805028 0.154314 0.06099569 0.154314 0.06099569 0.154314 0.004805028 0.06218683 0.1010798 0.06218683 0.1010798 0.06218683 0.038046 0.002368807 0.1573504 0.002368807 0.171647 0.6792436 0.06716042 0.6792436 0.06121194 0.4379006 0.09627181 0.3258816 0 0.3041834 0.004802048 0.2340952 0.132884 0.2341001 0.2093849 0.2341013 0.2112482 0.2931097 0.06099271 0.2340952 0.004802048 0.2340952 0.004805028 0.154314 0.06099569 0.154314 0.004805028 0.154314 0.004805028 0.06218683 0.1010798 0.06218683 0.004805028 0.06218683 0.038046 0.002368807 0.1525395 0.33096 0.09627181 0.3258816 0.1549835 0.2889553 0.1549835 0.2889553 0.2112482 0.2931097 0.1525395 0.33096 0.1549835 0.2889553 0.09627181 0.3258816 0.06099271 0.2340952 0.06099271 0.2340952 0.132884 0.2341001 0.1549835 0.2889553 0.06099271 0.2340952 0.06099569 0.154314 0.132884 0.1543189 0.132884 0.1543189 0.132884 0.2341001 0.06099271 0.2340952 0.06099569 0.154314 0.1010798 0.06218683 0.2093908 0.002375006 0.2093908 0.002375006 0.132884 0.1543189 0.06099569 0.154314 0.1010798 0.06218683 0.1573504 0.002368807 0.2093908 0.002375006 0.2552486 0.3852738 0.2672404 0.7293736 0.171647 0.6792436 0.2672404 0.7293736 0.2552486 0.3852738 0.3124257 0.5070559 0.2456801 0.3045562 0.2552486 0.3852738 0.2038955 0.3266605 0.2038955 0.3266605 0.2112482 0.2931097 0.2456801 0.3045562 0.2112482 0.2931097 0.3465703 0.2903397 0.2456801 0.3045562 0.2456801 0.3045562 0.2794988 0.3395554 0.2552486 0.3852738 0.2552486 0.3852738 0.171647 0.6792436 0.2038955 0.3266605 0.2038955 0.3266605 0.1525395 0.33096 0.2112482 0.2931097 0.453169 0.5434456 0.3212715 0.7466185 0.3124257 0.5070559 0.2112482 0.2931097 0.2093849 0.2341013 0.344707 0.2313314 0.344707 0.2313314 0.3465703 0.2903397 0.2112482 0.2931097 0.2093849 0.2341013 0.132884 0.1543189 0.3447099 0.1515489 0.3447099 0.1515489 0.344707 0.2313314 0.2093849 0.2341013 0.132884 0.1543189 0.2093908 0.002375006 0.4241494 0 0.4241494 0 0.3447099 0.1515489 0.132884 0.1543189 0.3465703 0.2903397 0.344707 0.2313314 0.4241465 0.2317251 0.4241465 0.2317251 0.4260098 0.290736 0.3465703 0.2903397 0.344707 0.2313314 0.3447099 0.1515489 0.4241465 0.1519452 0.4241465 0.1519452 0.4241465 0.2317251 0.344707 0.2313314 0.4241494 0 0.4241465 0.1519452 0.3447099 0.1515489 0.4235214 0.446187 0.3692711 0.446187 0.3433976 0.3964152 0.449395 0.3964152 0.2794988 0.3395554 0.5001319 0.3395554 0.3110216 0.3916542 0.2552486 0.3852738 0.2794988 0.3395554 0.4502511 0.443753 0.3425415 0.443753 0.3692711 0.446187 0.3692711 0.446187 0.4235214 0.446187 0.4502511 0.443753 0.449395 0.3964152 0.4502511 0.443753 0.4235214 0.446187 0.449395 0.3964152 0.4235214 0.446187 0.3433976 0.3964152 0.3433976 0.3964152 0.3692711 0.446187 0.3425415 0.443753 0.3433976 0.3964152 0.2794988 0.3395554 0.449395 0.3964152 0.3465703 0.2903397 0.5001319 0.3395554 0.2794988 0.3395554 0.5001319 0.3395554 0.3465703 0.2903397 0.4260098 0.290736 0.5506021 0.3964152 0.449395 0.3964152 0.5001319 0.3395554 0.5506021 0.3964152 0.549746 0.443753 0.4502511 0.443753 0.5506021 0.3964152 0.4502511 0.443753 0.449395 0.3964152 0.4260098 0.290736 0.4241465 0.2317251 0.5758506 0.2317264 0.4260098 0.290736 0.5758506 0.2317264 0.5739873 0.2907347 0.4241465 0.2317251 0.4241465 0.1519452 0.5758476 0.1519452 0.4241465 0.2317251 0.5758476 0.1519452 0.5758506 0.2317264 0.4241465 0.1519452 0.4241494 0 0.5758476 0 0.4241465 0.1519452 0.5758476 0 0.5758476 0.1519452 0.5739873 0.2907347 0.5001319 0.3395554 0.4260098 0.290736 0.06121194 0.4379006 0.09627181 0.3258816 0.1525395 0.33096 0.9374965 0.439109 0.9037223 0.3258816 1 0.3041834 0.7204954 0.3395554 0.7447484 0.3852738 0.6889755 0.3916542 0.6574527 0.443753 0.6565965 0.3964152 0.6889755 0.3916542 0.3433976 0.3964152 0.3110216 0.3916542 0.2794988 0.3395554 0.3425415 0.443753 0.3110216 0.3916542 0.3433976 0.3964152</float_array>
          <technique_common>
            <accessor source="#Mesh_005-mesh-map-0-array" count="930" stride="2">
              <param name="S" type="float"/>
              <param name="T" type="float"/>
            </accessor>
          </technique_common>
        </source>
        <source id="Mesh_005-mesh-colors-Attribute" name="Attribute">
          <float_array id="Mesh_005-mesh-colors-Attribute-array" count="3720">0 0 0 0 0 0 0 0 0 0 0 0 0 0 0 0 0 0 0 0 0 0 0 0 0 0 0 0 0 0 0 0 0 0 0 0 0 0 0 0 0 0 0 0 0 0 0 0 0 0 0 0 0 0 0 0 0 0 0 0 0 0 0 0 0 0 0 0 0 0 0 0 0 0 0 0 0 0 0 0 0 0 0 0 0 0 0 0 0 0 0 0 0 0 0 0 0 0 0 0 0 0 0 0 0 0 0 0 0 0 0 0 0 0 0 0 0 0 0 0 0 0 0 0 0 0 0 0 0 0 0 0 0 0 0 0 0 0 0 0 0 0 0 0 0 0 0 0 0 0 0 0 0 0 0 0 0 0 0 0 0 0 0 0 0 0 0 0 0 0 0 0 0 0 0 0 0 0 0 0 0 0 0 0 0 0 0 0 0 0 0 0 0 0 0 0 0 0 0 0 0 0 0 0 0 0 0 0 0 0 0 0 0 0 0 0 0 0 0 0 0 0 0 0 0 0 0 0 0 0 0 0 0 0 0 0 0 0 0 0 0 0 0 0 0 0 0 0 0 0 0 0 0 0 0 0 0 0 0 0 0 0 0 0 0 0 0 0 0 0 0 0 0 0 0 0 0 0 0 0 0 0 0 0 0 0 0 0 0 0 0 0 0 0 0 0 0 0 0 0 0 0 0 0 0 0 0 0 0 0 0 0 0 0 0 0 0 0 0 0 0 0 0 0 0 0 0 0 0 0 0 0 0 0 0 0 0 0 0 0 0 0 0 0 0 0 0 0 0 0 0 0 0 0 0 0 0 0 0 0 0 0 0 0 0 0 0 0 0 0 0 0 0 0 0 0 0 0 0 0 0 0 0 0 0 0 0 0 0 0 0 0 0 0 0 0 0 0 0 0 0 0 0 0 0 0 0 0 0 0 0 0 0 0 0 0 0 0 0 0 0 0 0 0 0 0 0 0 0 0 0 0 0 0 0 0 0 0 0 0 0 0 0 0 0 0 0 0 0 0 0 0 0 0 0 0 0 0 0 0 0 0 0 0 0 0 0 0 0 0 0 0 0 0 0 0 0 0 0 0 0 0 0 0 0 0 0 0 0 0 0 0 0 0 0 0 0 0 0 0 0 0 0 0 0 0 0 0 0 0 0 0 0 0 0 0 0 0 0 0 0 0 0 0 0 0 0 0 0 0 0 0 0 0 0 0 0 0 0 0 0 0 0 0 0 0 0 0 0 0 0 0 0 0 0 0 0 0 0 0 0 0 0 0 0 0 0 0 0 0 0 0 0 0 0 0 0 0 0 0 0 0 0 0 0 0 0 0 0 0 0 0 0 0 0 0 0 0 0 0 0 0 0 0 0 0 0 0 0 0 0 0 0 0 0 0 0 0 0 0 0 0 0 0 0 0 0 0 0 0 0 0 0 0 0 0 0 0 0 0 0 0 0 0 0 0 0 0 0 0 0 0 0 0 0 0 0 0 0 0 0 0 0 0 0 0 0 0 0 0 0 0 0 0 0 0 0 0 0 0 0 0 0 0 0 0 0 0 0 0 0 0 0 0 0 0 0 0 0 0 0 0 0 0 0 0 0 0 0 0 0 0 0 0 0 0 0 0 0 0 0 0 0 0 0 0 0 0 0 0 0 0 0 0 0 0 0 0 0 0 0 0 0 0 0 0 0 0 0 0 0 0 0 0 0 0 0 0 0 0 0 0 0 0 0 0 0 0 0 0 0 0 0 0 0 0 0 0 0 0 0 0 0 0 0 0 0 0 0 0 0 0 0 0 0 0 0 0 0 0 0 0 0 0 0 0 0 0 0 0 0 0 0 0 0 0 0 0 0 0 0 0 0 0 0 0 0 0 0 0 0 0 0 0 0 0 0 0 0 0 0 0 0 0 0 0 0 0 0 0 0 0 0 0 0 0 0 0 0 0 0 0 0 0 0 0 0 0 0 0 0 0 0 0 0 0 0 0 0 0 0 0 0 0 0 0 0 0 0 0 0 0 0 0 0 0 0 0 0 0 0 0 0 0 0 0 0 0 0 0 0 0 0 0 0 0 0 0 0 0 0 0 0 0 0 0 0 0 0 0 0 0 0 0 0 0 0 0 0 0 0 0 0 0 0 0 0 0 0 0 0 0 0 0 0 0 0 0 0 0 0 0 0 0 0 0 0 0 0 0 0 0 0 0 0 0 0 0 0 0 0 0 0 0 0 0 0 0 0 0 0 0 0 0 0 0 0 0 0 0 0 0 0 0 0 0 0 0 0 0 0 0 0 0 0 0 0 0 0 0 0 0 0 0 0 0 0 0 0 0 0 0 0 0 0 0 0 0 0 0 0 0 0 0 0 0 0 0 0 0 0 0 0 0 0 0 0 0 0 0 0 0 0 0 0 0 0 0 0 0 0 0 0 0 0 0 0 0 0 0 0 0 0 0 0 0 0 0 0 0 0 0 0 0 0 0 0 0 0 0 0 0 0 0 0 0 0 0 0 0 0 0 0 0 0 0 0 0 0 0 0 0 0 0 0 0 0 0 0 0 0 0 0 0 0 0 0 0 0 0 0 0 0 0 0 0 0 0 0 0 0 0 0 0 0 0 0 0 0 0 0 0 0 0 0 0 0 0 0 0 0 0 0 0 0 0 0 0 0 0 0 0 0 0 0 0 0 0 0 0 0 0 0 0 0 0 0 0 0 0 0 0 0 0 0 0 0 0 0 0 0 0 0 0 0 0 0 0 0 0 0 0 0 0 0 0 0 0 0 0 0 0 0 0 0 0 0 0 0 0 0 0 0 0 0 0 0 0 0 0 0 0 0 0 0 0 0 0 0 0 0 0 0 0 0 0 0 0 0 0 0 0 0 0 0 0 0 0 0 0 0 0 0 0 0 0 0 0 0 0 0 0 0 0 0 0 0 0 0 0 0 0 0 0 0 0 0 0 0 0 0 0 0 0 0 0 0 0 0 0 0 0 0 0 0 0 0 0 0 0 0 0 0 0 0 0 0 0 0 0 0 0 0 0 0 0 0 0 0 0 0 0 0 0 0 0 0 0 0 0 0 0 0 0 0 0 0 0 0 0 0 0 0 0 0 0 0 0 0 0 0 0 0 0 0 0 0 0 0 0 0 0 0 0 0 0 0 0 0 0 0 0 0 0 0 0 0 0 0 0 0 0 0 0 0 0 0 0 0 0 0 0 0 0 0 0 0 0 0 0 0 0 0 0 0 0 0 0 0 0 0 0 0 0 0 0 0 0 0 0 0 0 0 0 0 0 0 0 0 0 0 0 0 0 0 0 0 0 0 0 0 0 0 0 0 0 0 0 0 0 0 0 0 0 0 0 0 0 0 0 0 0 0 0 0 0 0 0 0 0 0 0 0 0 0 0 0 0 0 0 0 0 0 0 0 0 0 0 0 0 0 0 0 0 0 0 0 0 0 0 0 0 0 0 0 0 0 0 0 0 0 0 0 0 0 0 0 0 0 0 0 0 0 0 0 0 0 0 0 0 0 0 0 0 0 0 0 0 0 0 0 0 0 0 0 0 0 0 0 0 0 0 0 0 0 0 0 0 0 0 0 0 0 0 0 0 0 0 0 0 0 0 0 0 0 0 0 0 0 0 0 0 0 0 0 0 0 0 0 0 0 0 0 0 0 0 0 0 0 0 0 0 0 0 0 0 0 0 0 0 0 0 0 0 0 0 0 0 0 0 0 0 0 0 0 0 0 0 0 0 0 0 0 0 0 0 0 0 0 0 0 0 0 0 0 0 0 0 0 0 0 0 0 0 0 0 0 0 0 0 0 0 0 0 0 0 0 0 0 0 0 0 0 0 0 0 0 0 0 0 0 0 0 0 0 0 0 0 0 0 0 0 0 0 0 0 0 0 0 0 0 0 0 0 0 0 0 0 0 0 0 0 0 0 0 0 0 0 0 0 0 0 0 0 0 0 0 0 0 0 0 0 0 0 0 0 0 0 0 0 0 0 0 0 0 0 0 0 0 0 0 0 0 0 0 0 0 0 0 0 0 0 0 0 0 0 0 0 0 0 0 0 0 0 0 0 0 0 0 0 0 0 0 0 0 0 0 0 0 0 0 0 0 0 0 0 0 0 0 0 0 0 0 0 0 0 0 0 0 0 0 0 0 0 0 0 0 0 0 0 0 0 0 0 0 0 0 0 0 0 0 0 0 0 0 0 0 0 0 0 0 0 0 0 0 0 0 0 0 0 0 0 0 0 0 0 0 0 0 0 0 0 0 0 0 0 0 0 0 0 0 0 0 0 0 0 0 0 0 0 0 0 0 0 0 0 0 0 0 0 0 0 0 0 0 0 0 0 0 0 0 0 0 0 0 0 0 0 0 0 0 0 0 0 0 0 0 0 0 0 0 0 0 0 0 0 0 0 0 0 0 0 0 0 0 0 0 0 0 0 0 0 0 0 0 0 0 0 0 0 0 0 0 0 0 0 0 0 0 0 0 0 0 0 0 0 0 0 0 0 0 0 0 0 0 0 0 0 0 0 0 0 0 0 0 0 0 0 0 0 0 0 0 0 0 0 0 0 0 0 0 0 0 0 0 0 0 0 0 0 0 0 0 0 0 0 0 0 0 0 0 0 0 0 0 0 0 0 0 0 0 0 0 0 0 0 0 0 0 0 0 0 0 0 0 0 0 0 0 0 0 0 0 0 0 0 0 0 0 0 0 0 0 0 0 0 0 0 0 0 0 0 0 0 0 0 0 0 0 0 0 0 0 0 0 0 0 0 0 0 0 0 0 0 0 0 0 0 0 0 0 0 0 0 0 0 0 0 0 0 0 0 0 0 0 0 0 0 0 0 0 0 0 0 0 0 0 0 0 0 0 0 0 0 0 0 0 0 0 0 0 0 0 0 0 0 0 0 0 0 0 0 0 0 0 0 0 0 0 0 0 0 0 0 0 0 0 0 0 0 0 0 0 0 0 0 0 0 0 0 0 0 0 0 0 0 0 0 0 0 0 0 0 0 0 0 0 0 0 0 0 0 0 0 0 0 0 0 0 0 0 0 0 0 0 0 0 0 0 0 0 0 0 0 0 0 0 0 0 0 0 0 0 0 0 0 0 0 0 0 0 0 0 0 0 0 0 0 0 0 0 0 0 0 0 0 0 0 0 0 0 0 0 0 0 0 0 0 0 0 0 0 0 0 0 0 0 0 0 0 0 0 0 0 0 0 0 0 0 0 0 0 0 0 0 0 0 0 0 0 0 0 0 0 0 0 0 0 0 0 0 0 0 0 0 0 0 0 0 0 0 0 0 0 0 0 0 0 0 0 0 0 0 0 0 0 0 0 0 0 0 0 0 0 0 0 0 0 0 0 0 0 0 0 0 0 0 0 0 0 0 0 0 0 0 0 0 0 0 0 0 0 0 0 0 0 0 0 0 0 0 0 0 0 0 0 0 0 0 0 0 0 0 0 0 0 0 0 0 0 0 0 0 0 0 0 0 0 0 0 0 0 0 0 0 0 0 0 0 0 0 0 0 0 0 0 0 0 0 0 0 0 0 0 0 0 0 0 0 0 0 0 0 0 0 0 0 0 0 0 0 0 0 0 0 0 0 0 0 0 0 0 0 0 0 0 0 0 0 0 0 0 0 0 0 0 0 0 0 0 0 0 0 0 0 0 0 0 0 0 0 0 0 0 0 0 0 0 0 0 0 0 0 0 0 0 0 0 0 0 0 0 0 0 0 0 0 0 0 0 0 0 0 0 0 0 0 0 0 0 0 0 0 0 0 0 0 0 0 0 0 0 0 0 0 0 0 0 0 0 0 0 0 0 0 0 0 0 0 0 0 0 0 0 0 0 0 0 0 0 0 0 0 0 0 0 0 0 0 0 0 0 0 0 0 0 0 0 0 0 0 0 0 0 0 0 0 0 0 0 0 0 0 0 0 0 0 0 0 0 0 0 0 0 0 0 0 0 0 0 0 0 0 0 0 0 0 0 0 0 0 0 0 0 0 0 0 0 0 0 0 0 0 0 0 0 0 0 0 0 0 0 0 0 0 0 0 0 0 0 0 0 0 0 0 0 0 0 0 0 0 0 0 0 0 0 0 0 0 0 0 0 0 0 0 0 0 0 0 0 0 0 0 0 0 0 0 0 0 0 0 0 0 0 0 0 0 0 0 0 0 0 0 0 0 0 0 0 0 0 0 0 0 0 0 0 0 0 0 0 0 0 0 0 0 0 0 0 0 0 0 0 0 0 0 0 0 0 0 0 0 0 0 0 0 0 0 0 0 0 0 0 0 0 0 0 0 0 0 0 0 0 0 0 0 0 0 0 0 0 0 0 0 0 0 0 0 0 0 0 0 0 0 0 0 0 0 0 0 0 0 0 0 0 0 0 0 0 0 0 0 0 0 0 0 0 0 0 0 0 0 0 0 0 0 0 0 0 0 0 0 0 0 0 0 0 0 0 0 0 0 0 0 0 0 0 0 0 0 0 0 0 0 0 0 0 0 0 0 0 0 0 0 0 0 0 0 0 0 0 0 0 0 0 0 0 0 0 0 0 0 0 0 0 0 0 0 0 0 0 0 0 0 0 0 0 0 0 0 0 0 0 0 0 0 0 0 0 0 0 0 0 0 0 0 0 0 0 0 0 0 0 0 0 0 0 0 0 0 0 0 0 0 0 0 0 0 0 0 0 0 0 0 0 0 0 0 0 0 0 0 0 0 0 0 0 0 0 0 0 0 0 0 0 0 0 0 0 0 0 0 0 0 0 0 0 0 0 0 0 0 0 0 0 0 0 0 0 0 0 0 0 0 0 0 0 0 0 0 0 0 0 0 0 0 0 0 0 0 0 0 0 0 0 0 0 0 0 0 0 0 0 0 0 0 0 0 0 0 0 0 0 0 0 0 0 0 0 0 0 0 0 0 0 0 0 0 0 0 0 0 0 0 0 0 0 0 0 0 0 0 0 0 0 0 0 0 0 0 0 0 0 0 0 0 0 0 0 0 0 0 0 0 0 0 0 0 0 0 0 0 0 0 0 0 0 0 0 0 0 0 0 0 0 0 0 0 0 0 0 0 0 0 0 0 0 0 0 0 0 0 0 0 0 0 0 0 0 0 0 0 0 0 0 0 0 0 0 0 0 0 0 0 0 0 0 0 0 0 0 0 0 0 0 0 0 0 0 0 0 0 0 0 0 0 0 0 0 0 0 0 0 0 0 0 0 0 0 0 0 0 0 0 0 0 0 0 0 0 0 0 0 0 0 0 0 0 0 0 0 0 0 0 0 0 0 0 0 0 0 0 0 0 0 0 0 0 0 0 0 0 0 0 0 0 0 0 0 0 0 0 0 0 0 0 0 0 0 0 0 0 0 0 0 0 0 0 0 0 0 0 0 0 0 0 0 0 0 0 0 0 0 0 0 0 0 0 0 0 0 0 0 0 0 0 0 0 0 0 0 0 0 0 0 0 0 0 0 0 0 0 0 0 0 0 0 0 0 0 0 0 0 0 0 0 0 0 0 0 0 0 0 0 0 0 0 0 0 0 0 0 0 0 0 0 0 0 0 0 0 0 0 0 0 0 0 0 0 0 0 0 0 0 0 0 0 0 0 0 0 0 0 0 0 0 0 0 0 0 0 0 0 0 0 0 0 0 0 0 0 0 0 0 0 0 0 0 0 0 0 0 0 0 0 0 0 0 0 0 0 0 0 0 0 0 0 0 0 0 0 0 0 0 0 0 0 0 0 0 0 0 0 0 0 0 0 0 0 0 0 0 0 0 0 0 0 0 0 0 0 0 0 0 0 0 0 0 0 0 0 0 0 0 0 0 0 0 0 0 0 0 0 0 0 0 0 0 0 0 0 0 0 0 0 0 0 0 0 0 0 0 0 0 0 0 0 0 0 0 0 0 0 0 0 0 0 0 0 0 0 0 0 0 0 0 0 0 0 0 0 0 0 0 0 0 0 0 0 0 0 0 0 0 0 0 0 0 0 0 0 0 0 0 0 0 0 0 0 0 0 0 0 0 0 0 0 0 0 0 0 0 0 0 0 0 0 0 0 0 0 0 0 0 0 0 0 0 0 0 0 0 0 0 0 0 0 0 0 0 0 0 0 0 0 0 0 0 0 0 0 0 0 0 0 0 0 0 0 0 0 0 0 0 0 0 0 0 0 0 0 0 0 0 0 0 0 0 0 0 0 0 0 0 0 0 0 0 0 0 0 0 0 0 0 0 0 0 0 0 0 0 0 0 0 0 0 0 0 0 0 0 0 0 0 0 0 0 0 0 0 0 0 0 0 0 0 0 0 0 0 0 0 0 0 0 0 0 0 0 0 0 0 0 0 0 0 0 0 0 0 0 0 0 0 0 0 0 0 0 0</float_array>
          <technique_common>
            <accessor source="#Mesh_005-mesh-colors-Attribute-array" count="930" stride="4">
              <param name="R" type="float"/>
              <param name="G" type="float"/>
              <param name="B" type="float"/>
              <param name="A" type="float"/>
            </accessor>
          </technique_common>
        </source>
        <vertices id="Mesh_005-mesh-vertices">
          <input semantic="POSITION" source="#Mesh_005-mesh-positions"/>
        </vertices>
        <triangles material="BGLBOT-material" count="14">
          <input semantic="VERTEX" source="#Mesh_005-mesh-vertices" offset="0"/>
          <input semantic="NORMAL" source="#Mesh_005-mesh-normals" offset="1"/>
          <input semantic="TEXCOORD" source="#Mesh_005-mesh-map-0" offset="2" set="0"/>
          <input semantic="COLOR" source="#Mesh_005-mesh-colors-Attribute" offset="3" set="0"/>
          <p>72 72 228 228 73 73 229 229 74 74 230 230 74 75 231 231 75 76 232 232 33 77 233 233 76 78 234 234 77 79 235 235 78 80 236 236 63 81 237 237 79 82 238 238 76 83 239 239 76 83 240 240 79 82 241 241 75 76 242 242 75 76 243 243 74 75 244 244 76 83 245 245 77 79 246 246 74 74 247 247 73 73 248 248 74 74 249 249 77 79 250 250 76 78 251 251 75 84 252 252 80 85 253 253 34 34 254 254 75 84 255 255 34 34 256 256 33 33 257 257 62 62 258 258 81 86 259 259 79 87 260 260 63 63 261 261 62 62 262 262 79 87 263 263 79 87 264 264 81 86 265 265 80 85 266 266 80 85 267 267 75 84 268 268 79 87 269 269</p>
        </triangles>
        <triangles material="BGLNOSE-material" count="12">
          <input semantic="VERTEX" source="#Mesh_005-mesh-vertices" offset="0"/>
          <input semantic="NORMAL" source="#Mesh_005-mesh-normals" offset="1"/>
          <input semantic="TEXCOORD" source="#Mesh_005-mesh-map-0" offset="2" set="0"/>
          <input semantic="COLOR" source="#Mesh_005-mesh-colors-Attribute" offset="3" set="0"/>
          <p>14 14 192 192 12 12 193 193 66 66 194 194 66 66 195 195 67 67 196 196 14 14 197 197 52 52 198 198 49 49 199 199 68 68 200 200 69 69 201 201 70 70 202 202 53 53 203 203 69 69 204 204 68 68 205 205 67 67 206 206 66 66 207 207 71 71 208 208 70 70 209 209 52 52 210 210 68 68 211 211 69 69 212 212 69 69 213 213 53 53 214 214 52 52 215 215 69 69 216 216 67 67 217 217 66 66 218 218 12 12 219 219 71 71 220 220 66 66 221 221 66 66 222 222 70 70 223 223 69 69 224 224 67 67 225 225 10 10 226 226 14 14 227 227</p>
        </triangles>
        <triangles material="BGLSIDE-material" count="62">
          <input semantic="VERTEX" source="#Mesh_005-mesh-vertices" offset="0"/>
          <input semantic="NORMAL" source="#Mesh_005-mesh-normals" offset="1"/>
          <input semantic="TEXCOORD" source="#Mesh_005-mesh-map-0" offset="2" set="0"/>
          <input semantic="COLOR" source="#Mesh_005-mesh-colors-Attribute" offset="3" set="0"/>
          <p>4 4 6 6 5 5 7 7 6 6 8 8 6 6 9 9 7 7 10 10 4 4 11 11 8 8 12 12 4 4 13 13 7 7 14 14 7 7 15 15 9 9 16 16 8 8 17 17 10 10 18 18 8 8 19 19 9 9 20 20 11 11 21 21 12 12 22 22 13 13 23 23 14 14 24 24 10 10 25 25 15 15 26 26 10 10 27 27 9 9 28 28 15 15 29 29 16 16 30 30 17 17 31 31 18 18 32 32 18 18 33 33 19 19 34 34 16 16 35 35 20 20 36 36 16 16 37 37 19 19 38 38 19 19 39 39 21 21 40 40 20 20 41 41 22 22 42 42 20 20 43 43 21 21 44 44 21 21 45 45 23 23 46 46 22 22 47 47 24 24 48 48 25 25 49 49 26 26 50 50 27 27 51 51 28 28 52 52 29 29 53 53 30 30 54 54 31 31 55 55 18 18 56 56 30 30 57 57 27 27 58 58 6 6 59 59 24 24 60 60 30 30 61 61 17 17 62 62 30 30 63 63 26 26 64 64 27 27 65 65 30 30 66 66 6 6 67 67 5 5 68 68 17 17 69 69 30 30 70 70 18 18 71 71 32 32 72 72 22 22 73 73 23 23 74 74 33 33 75 75 34 34 76 76 32 32 77 77 23 23 78 78 33 33 79 79 32 32 80 80 26 26 81 81 25 25 82 82 28 28 83 83 30 30 84 84 24 24 85 85 26 26 86 86 28 28 87 87 27 27 88 88 26 26 89 89 30 30 90 90 5 5 91 91 31 31 92 92 14 14 93 93 15 15 94 94 13 13 95 95 13 13 96 96 12 12 97 97 14 14 98 98 35 35 99 99 36 36 100 100 37 37 101 101 38 38 102 102 39 39 103 103 37 37 104 104 40 40 105 105 39 39 106 106 41 41 107 107 42 42 108 108 37 37 109 109 43 43 110 110 41 41 111 111 44 44 112 112 40 40 113 113 40 40 114 114 43 43 115 115 37 37 116 116 36 36 117 117 38 38 118 118 37 37 119 119 38 38 120 120 36 36 121 121 45 45 122 122 45 45 123 123 46 46 124 124 38 38 125 125 46 46 126 126 45 45 127 127 47 47 128 128 47 47 129 129 48 48 130 130 46 46 131 131 48 48 132 132 47 47 133 133 49 49 134 134 50 50 135 135 51 51 136 136 52 52 137 137 52 52 138 138 53 53 139 139 50 50 140 140 51 51 141 141 48 48 142 142 49 49 143 143 54 54 144 144 37 37 145 145 42 42 146 146 54 54 147 147 42 42 148 148 55 55 149 149 55 55 150 150 56 56 151 151 54 54 152 152 56 56 153 153 55 55 154 154 57 57 155 155 57 57 156 156 58 58 157 157 56 56 158 158 58 58 159 159 57 57 160 160 59 59 161 161 59 59 162 162 60 60 163 163 58 58 164 164 61 61 165 165 62 62 166 166 63 63 167 167 61 61 168 168 63 63 169 169 60 60 170 170 60 60 171 171 59 59 172 172 61 61 173 173 64 64 174 174 41 41 175 175 39 39 176 176 40 40 177 177 44 44 178 178 43 43 179 179 39 39 180 180 40 40 181 181 37 37 182 182 54 54 183 183 35 35 184 184 37 37 185 185 50 50 186 186 53 53 187 187 65 65 188 188 51 51 189 189 49 49 190 190 52 52 191 191</p>
        </triangles>
        <triangles material="BGLSPIKE-material" count="2">
          <input semantic="VERTEX" source="#Mesh_005-mesh-vertices" offset="0"/>
          <input semantic="NORMAL" source="#Mesh_005-mesh-normals" offset="1"/>
          <input semantic="TEXCOORD" source="#Mesh_005-mesh-map-0" offset="2" set="0"/>
          <input semantic="COLOR" source="#Mesh_005-mesh-colors-Attribute" offset="3" set="0"/>
          <p>0 0 0 0 1 1 1 1 2 2 2 2 0 0 3 3 2 2 4 4 3 3 5 5</p>
        </triangles>
        <triangles material="BGLTOP-material" count="158">
          <input semantic="VERTEX" source="#Mesh_005-mesh-vertices" offset="0"/>
          <input semantic="NORMAL" source="#Mesh_005-mesh-normals" offset="1"/>
          <input semantic="TEXCOORD" source="#Mesh_005-mesh-map-0" offset="2" set="0"/>
          <input semantic="COLOR" source="#Mesh_005-mesh-colors-Attribute" offset="3" set="0"/>
          <p>112 173 456 456 113 174 457 457 31 31 458 458 31 31 459 459 5 5 460 460 114 175 461 461 115 176 462 462 114 175 463 463 5 5 464 464 116 177 465 465 4 4 466 466 8 8 467 467 8 8 468 468 117 178 469 469 116 177 470 470 115 176 471 471 116 177 472 472 118 179 473 473 118 179 474 474 116 177 475 475 117 178 476 476 117 178 477 477 119 180 478 478 118 179 479 479 67 67 480 480 120 181 481 481 119 182 482 482 120 181 483 483 118 183 484 484 119 182 485 485 120 181 486 486 121 184 487 487 118 183 488 488 67 67 489 489 8 8 490 490 10 10 491 491 117 178 492 492 8 8 493 493 67 67 494 494 119 180 495 495 117 178 496 496 67 67 497 497 115 176 498 498 5 5 499 499 4 4 500 500 4 4 501 501 116 177 502 502 115 176 503 503 122 185 504 504 123 186 505 505 124 187 506 506 115 188 507 507 118 183 508 508 101 189 509 509 103 190 510 510 118 183 511 511 121 184 512 512 112 191 513 513 114 192 514 514 125 193 515 515 126 194 516 516 127 195 517 517 128 196 518 518 129 197 519 519 19 19 520 520 113 174 521 521 128 196 522 522 130 198 523 523 131 199 524 524 132 200 525 525 21 21 526 526 129 197 527 527 133 201 528 528 23 23 529 529 132 200 530 530 74 75 531 531 33 77 532 532 133 202 533 533 31 31 534 534 114 175 535 535 112 173 536 536 19 19 537 537 18 18 538 538 113 174 539 539 127 195 540 540 130 198 541 541 128 196 542 542 21 21 543 543 19 19 544 544 129 197 545 545 23 23 546 546 21 21 547 547 132 200 548 548 131 199 549 549 72 72 550 550 133 201 551 551 33 77 552 552 23 203 553 553 133 202 554 554 126 194 555 555 113 174 556 556 112 173 557 557 112 173 558 558 127 195 559 559 126 194 560 560 129 197 561 561 113 174 562 562 126 194 563 563 126 194 564 564 128 196 565 565 129 197 566 566 131 199 567 567 132 200 568 568 129 197 569 569 129 197 570 570 128 196 571 571 131 199 572 572 132 200 573 573 131 199 574 574 133 201 575 575 72 72 576 576 74 74 577 577 133 201 578 578 114 192 579 579 115 188 580 580 100 204 581 581 101 189 582 582 100 204 583 583 115 188 584 584 125 193 585 585 100 204 586 586 124 187 587 587 124 205 588 588 127 195 589 589 125 206 590 590 124 205 591 591 123 207 592 592 127 195 593 593 100 204 594 594 122 185 595 595 124 187 596 596 125 193 597 597 114 192 598 598 100 204 599 599 127 195 600 600 112 173 601 601 125 206 602 602 103 190 603 603 121 184 604 604 109 208 605 605 101 189 606 606 118 183 607 607 103 190 608 608 134 209 609 609 130 198 610 610 127 195 611 611 127 195 612 612 123 207 613 613 134 209 614 614 135 210 615 615 131 199 616 616 130 198 617 617 130 198 618 618 134 209 619 619 135 210 620 620 73 73 621 621 72 72 622 622 131 199 623 623 131 199 624 624 135 210 625 625 73 73 626 626 136 211 627 627 134 209 628 628 123 207 629 629 123 207 630 630 137 212 631 631 136 211 632 632 138 213 633 633 135 210 634 634 134 209 635 635 134 209 636 636 136 211 637 637 138 213 638 638 135 210 639 639 138 213 640 640 73 73 641 641 139 214 642 642 140 215 643 643 141 216 644 644 142 217 645 645 122 185 646 646 143 218 647 647 122 185 648 648 105 219 649 649 139 214 650 650 140 220 651 651 102 221 652 652 104 222 653 653 104 222 654 654 141 223 655 655 140 220 656 656 141 216 657 657 104 224 658 658 143 218 659 659 139 214 660 660 141 216 661 661 143 218 662 662 102 225 663 663 140 215 664 664 139 214 665 665 143 218 666 666 122 185 667 667 139 214 668 668 122 185 669 669 142 217 670 670 123 186 671 671 137 226 672 672 123 186 673 673 142 217 674 674 144 227 675 675 145 228 676 676 35 35 677 677 54 54 678 678 146 229 679 679 35 35 680 680 36 36 681 681 145 228 682 682 147 230 683 683 147 230 684 684 148 231 685 685 45 45 686 686 45 45 687 687 148 231 688 688 47 47 689 689 148 231 690 690 149 232 691 691 47 47 692 692 68 68 693 693 49 49 694 694 47 47 695 695 121 233 696 696 148 231 697 697 147 230 698 698 149 232 699 699 148 231 700 700 121 233 701 701 121 233 702 702 120 234 703 703 149 232 704 704 47 47 705 705 149 232 706 706 68 68 707 707 68 68 708 708 149 232 709 709 120 234 710 710 68 68 711 711 120 181 712 712 67 67 713 713 45 45 714 714 36 36 715 715 147 230 716 716 150 235 717 717 151 236 718 718 152 237 719 719 107 238 720 720 121 184 721 721 147 239 722 722 153 240 723 723 145 241 724 724 144 242 725 725 154 243 726 726 155 244 727 727 156 245 728 728 146 229 729 729 56 56 730 730 157 246 731 731 158 247 732 732 159 248 733 733 154 243 734 734 157 246 735 735 58 58 736 736 160 249 737 737 160 249 738 738 60 60 739 739 161 250 740 740 161 251 741 741 63 81 742 742 76 83 743 743 145 228 744 744 36 36 745 745 35 35 746 746 146 229 747 747 54 54 748 748 56 56 749 749 154 243 750 750 159 248 751 751 155 244 752 752 157 246 753 753 56 56 754 754 58 58 755 755 160 249 756 756 58 58 757 757 60 60 758 758 161 251 759 759 60 252 760 760 63 81 761 761 144 227 762 762 146 229 763 763 156 245 764 764 156 245 765 765 155 244 766 766 144 227 767 767 156 245 768 768 146 229 769 769 157 246 770 770 157 246 771 771 154 243 772 772 156 245 773 773 157 246 774 774 160 249 775 775 158 247 776 776 158 247 777 777 154 243 778 778 157 246 779 779 160 249 780 780 161 250 781 781 78 80 782 782 78 80 783 783 158 247 784 784 160 249 785 785 161 250 786 786 76 78 787 787 78 80 788 788 108 253 789 789 147 239 790 790 145 241 791 791 147 239 792 792 108 253 793 793 107 238 794 794 150 235 795 795 108 253 796 796 153 240 797 797 153 254 798 798 155 244 799 799 150 255 800 800 155 244 801 801 151 256 802 802 150 255 803 803 150 235 804 804 152 237 805 805 108 253 806 806 108 253 807 807 145 241 808 808 153 240 809 809 153 254 810 810 144 227 811 811 155 244 812 812 109 208 813 813 121 184 814 814 107 238 815 815 155 244 816 816 159 248 817 817 162 257 818 818 162 257 819 819 151 256 820 820 155 244 821 821 159 248 822 822 158 247 823 823 163 258 824 824 163 258 825 825 162 257 826 826 159 248 827 827 158 247 828 828 78 80 829 829 77 79 830 830 77 79 831 831 163 258 832 832 158 247 833 833 151 256 834 834 162 257 835 835 164 259 836 836 164 259 837 837 165 260 838 838 151 256 839 839 162 257 840 840 163 258 841 841 166 261 842 842 166 261 843 843 164 259 844 844 162 257 845 845 77 79 846 846 166 261 847 847 163 258 848 848 167 262 849 849 168 263 850 850 169 264 851 851 170 265 852 852 152 237 853 853 142 217 854 854 111 266 855 855 108 253 856 856 152 237 857 857 171 267 858 858 106 268 859 859 168 269 860 860 168 269 861 861 167 270 862 862 171 267 863 863 170 265 864 864 171 271 865 865 167 262 866 866 170 265 867 867 167 262 868 868 169 264 869 869 169 264 870 870 168 263 871 871 106 272 872 872 169 264 873 873 152 237 874 874 170 265 875 875 151 236 876 876 142 217 877 877 152 237 878 878 142 217 879 879 151 236 880 880 165 273 881 881 143 218 882 882 170 265 883 883 142 217 884 884 143 218 885 885 104 274 886 886 171 275 887 887 143 218 888 888 171 275 889 889 170 265 890 890 165 260 891 891 164 259 892 892 136 211 893 893 165 260 894 894 136 211 895 895 137 212 896 896 164 259 897 897 166 261 898 898 138 213 899 899 164 259 900 900 138 213 901 901 136 211 902 902 166 261 903 903 77 79 904 904 73 73 905 905 166 261 906 906 73 73 907 907 138 213 908 908 137 226 909 909 142 217 910 910 165 273 911 911 35 35 912 912 146 229 913 913 144 227 914 914 31 31 915 915 113 174 916 916 18 18 917 917 122 185 918 918 100 204 919 919 105 219 920 920 102 225 921 921 139 214 922 922 105 219 923 923 169 264 924 924 111 266 925 925 152 237 926 926 106 272 927 927 111 266 928 928 169 264 929 929</p>
        </triangles>
        <triangles material="BGLUNDER-material" count="16">
          <input semantic="VERTEX" source="#Mesh_005-mesh-vertices" offset="0"/>
          <input semantic="NORMAL" source="#Mesh_005-mesh-normals" offset="1"/>
          <input semantic="TEXCOORD" source="#Mesh_005-mesh-map-0" offset="2" set="0"/>
          <input semantic="COLOR" source="#Mesh_005-mesh-colors-Attribute" offset="3" set="0"/>
          <p>12 147 408 408 11 148 409 409 71 149 410 410 70 150 411 411 65 151 412 412 53 152 413 413 65 151 414 414 70 150 415 415 71 149 416 416 71 149 417 417 11 148 418 418 65 151 419 419 81 153 420 420 62 154 421 421 34 155 422 422 34 155 423 423 80 156 424 424 81 153 425 425 62 154 426 426 61 157 427 427 34 155 428 428 34 155 429 429 61 157 430 430 32 158 431 431 41 159 432 432 64 160 433 433 29 161 434 434 44 162 435 435 28 163 436 436 25 164 437 437 41 159 438 438 29 161 439 439 28 163 440 440 28 163 441 441 44 162 442 442 41 159 443 443 89 165 444 444 88 166 445 445 87 167 446 446 89 165 447 447 87 167 448 448 82 168 449 449 92 169 450 450 96 170 451 451 95 171 452 452 92 169 453 453 95 171 454 454 98 172 455 455</p>
        </triangles>
        <triangles material="DRSKY-material" count="10">
          <input semantic="VERTEX" source="#Mesh_005-mesh-vertices" offset="0"/>
          <input semantic="NORMAL" source="#Mesh_005-mesh-normals" offset="1"/>
          <input semantic="TEXCOORD" source="#Mesh_005-mesh-map-0" offset="2" set="0"/>
          <input semantic="COLOR" source="#Mesh_005-mesh-colors-Attribute" offset="3" set="0"/>
          <p>100 135 378 378 101 136 379 379 102 137 380 380 102 137 381 381 101 136 382 382 103 138 383 383 102 137 384 384 103 138 385 385 104 139 386 386 105 140 387 387 100 135 388 388 102 137 389 389 106 141 390 390 107 142 391 391 108 143 392 392 109 144 393 393 107 142 394 394 106 141 395 395 110 145 396 396 109 144 397 397 106 141 398 398 106 141 399 399 108 143 400 400 111 146 401 401 104 139 402 402 103 138 403 403 109 144 404 404 109 144 405 405 110 145 406 406 104 139 407 407</p>
        </triangles>
        <triangles material="MURKHW-material" count="36">
          <input semantic="VERTEX" source="#Mesh_005-mesh-vertices" offset="0"/>
          <input semantic="NORMAL" source="#Mesh_005-mesh-normals" offset="1"/>
          <input semantic="TEXCOORD" source="#Mesh_005-mesh-map-0" offset="2" set="0"/>
          <input semantic="COLOR" source="#Mesh_005-mesh-colors-Attribute" offset="3" set="0"/>
          <p>13 88 270 270 15 89 271 271 51 90 272 272 11 91 273 273 50 92 274 274 65 93 275 275 29 94 276 276 6 95 277 277 27 96 278 278 39 97 279 279 38 98 280 280 64 99 281 281 29 94 282 282 64 99 283 283 6 95 284 284 6 95 285 285 64 99 286 286 38 98 287 287 15 89 288 288 9 100 289 289 51 90 290 290 51 90 291 291 9 100 292 292 48 101 293 293 48 101 294 294 9 100 295 295 7 102 296 296 48 101 297 297 7 102 298 298 46 103 299 299 38 98 300 300 46 103 301 301 7 102 302 302 38 98 303 303 7 102 304 304 6 95 305 305 11 91 306 306 51 90 307 307 50 92 308 308 11 91 309 309 13 88 310 310 51 90 311 311 25 104 312 312 17 105 313 313 42 106 314 314 44 107 315 315 25 104 316 316 42 106 317 317 17 105 318 318 25 104 319 319 24 108 320 320 43 108 321 321 44 107 322 322 42 106 323 323 32 109 324 324 61 110 325 325 59 111 326 326 32 109 327 327 59 111 328 328 22 112 329 329 22 112 330 330 59 111 331 331 57 113 332 332 22 112 333 333 57 113 334 334 20 114 335 335 20 114 336 336 57 113 337 337 55 115 338 338 55 115 339 339 16 116 340 340 20 114 341 341 17 105 342 342 16 116 343 343 55 115 344 344 17 105 345 345 55 115 346 346 42 106 347 347 82 117 348 348 83 118 349 349 84 119 350 350 85 120 351 351 86 121 352 352 87 122 353 353 87 122 354 354 88 123 355 355 85 120 356 356 89 124 357 357 84 119 358 358 90 125 359 359 84 119 360 360 89 124 361 361 82 117 362 362 88 123 363 363 91 126 364 364 85 120 365 365 92 127 366 366 93 128 367 367 94 129 368 368 95 130 369 369 96 131 370 370 97 132 371 371 93 128 372 372 92 127 373 373 98 133 374 374 96 131 375 375 99 134 376 376 97 132 377 377</p>
        </triangles>
      </mesh>
    </geometry>
    <geometry id="Mesh_009-mesh" name="Mesh.009">
      <mesh>
        <source id="Mesh_009-mesh-positions">
          <float_array id="Mesh_009-mesh-positions-array" count="48">0.04774475 -0.07058715 -0.02906799 0.04774475 -0.07046508 0.02935791 -0.04774469 -0.07046508 0.02935791 -0.04774469 -0.07058715 -0.02906799 0.04774475 -0.02906799 0.07058715 -0.04774475 -0.02906799 0.07058715 0.04774475 0.02935791 0.07046508 -0.04774475 0.02935785 0.07046508 0.04774469 0.07058715 0.02906799 -0.04774475 0.07058715 0.02906799 0.04774469 0.07046508 -0.02935791 -0.04774475 0.07046508 -0.02935791 0.04774475 0.02906799 -0.07058715 -0.04774475 0.02906799 -0.07058715 0.04774475 -0.02935785 -0.07046508 -0.04774475 -0.02935791 -0.07046508</float_array>
          <technique_common>
            <accessor source="#Mesh_009-mesh-positions-array" count="16" stride="3">
              <param name="X" type="float"/>
              <param name="Y" type="float"/>
              <param name="Z" type="float"/>
            </accessor>
          </technique_common>
        </source>
        <source id="Mesh_009-mesh-normals">
          <float_array id="Mesh_009-mesh-normals-array" count="96">1.42358e-7 -0.9680477 -0.2507661 1.32799e-7 -0.861833 0.5071924 1.35747e-7 -0.9670056 0.2547554 1.49957e-7 -0.8639141 -0.5036392 0 -0.250766 0.9680477 0 -0.5036392 0.8639141 0 0.5071924 0.861833 0 0.2547554 0.9670056 -1.42358e-7 0.9680477 0.2507661 -1.49957e-7 0.8639141 0.5036392 -1.32799e-7 0.861833 -0.5071924 -1.35747e-7 0.9670056 -0.2547554 0 0.2507661 -0.9680478 0 0.5036394 -0.8639141 0 -0.5071924 -0.8618329 0 -0.2547554 -0.9670056 -1 -1.74086e-7 0 -1 -2.31926e-7 0 -1 -1.9293e-7 0 -1 -1.55249e-7 0 -1 -1.69514e-7 0 -1 -1.77313e-7 0 -1 0 0 -1 -1.9293e-7 0 1 1.77983e-7 0 1 2.31931e-7 0 1 1.92907e-7 0 1 1.92921e-7 0 1 1.41261e-7 0 1 1.28614e-7 0 1 1.65336e-7 0 1 1.92907e-7 0</float_array>
          <technique_common>
            <accessor source="#Mesh_009-mesh-normals-array" count="32" stride="3">
              <param name="X" type="float"/>
              <param name="Y" type="float"/>
              <param name="Z" type="float"/>
            </accessor>
          </technique_common>
        </source>
        <source id="Mesh_009-mesh-map-0">
          <float_array id="Mesh_009-mesh-map-0-array" count="168">0 0.7059015 8.64685e-4 0.292045 8.64685e-4 0.292045 0 0.7059015 8.64685e-4 0.292045 0 0.7059015 8.64685e-4 0.292045 0.2940986 0 0.2940986 0 8.64685e-4 0.292045 0.2940986 0 8.64685e-4 0.292045 0.2940986 0 0.707955 8.64685e-4 0.707955 8.64685e-4 0.2940986 0 0.707955 8.64685e-4 0.2940986 0 0.707955 8.64685e-4 1 0.2940986 1 0.2940986 0.707955 8.64685e-4 1 0.2940986 0.707955 8.64685e-4 1 0.2940986 0.9991353 0.707955 0.9991353 0.707955 1 0.2940986 0.9991353 0.707955 1 0.2940986 0.9991353 0.707955 0.7059015 1 0.7059015 1 0.9991353 0.707955 0.7059015 1 0.9991353 0.707955 0.7059015 1 0.2920449 0.9991353 0.2920449 0.9991353 0.7059015 1 0.2920449 0.9991353 0.7059015 1 0.2920449 0.9991353 0 0.7059015 0 0.7059015 0.2920449 0.9991353 0 0.7059015 0.2920449 0.9991353 0.7059015 1 1 0.2940986 0.9991353 0.707955 0.7059015 1 0.707955 8.64685e-4 1 0.2940986 0.7059015 1 0.2940986 0 0.707955 8.64685e-4 0.7059015 1 8.64685e-4 0.292045 0.2940986 0 0.7059015 1 0 0.7059015 8.64685e-4 0.292045 0.7059015 1 0.2920449 0.9991353 0 0.7059015 8.64685e-4 0.292045 0.707955 8.64685e-4 0.2940986 0 8.64685e-4 0.292045 1 0.2940986 0.707955 8.64685e-4 8.64685e-4 0.292045 0.9991353 0.707955 1 0.2940986 8.64685e-4 0.292045 0.7059015 1 0.9991353 0.707955 8.64685e-4 0.292045 0.2920449 0.9991353 0.7059015 1 8.64685e-4 0.292045 0 0.7059015 0.2920449 0.9991353</float_array>
          <technique_common>
            <accessor source="#Mesh_009-mesh-map-0-array" count="84" stride="2">
              <param name="S" type="float"/>
              <param name="T" type="float"/>
            </accessor>
          </technique_common>
        </source>
        <source id="Mesh_009-mesh-colors-Attribute" name="Attribute">
          <float_array id="Mesh_009-mesh-colors-Attribute-array" count="336">0 0 0 0 0 0 0 0 0 0 0 0 0 0 0 0 0 0 0 0 0 0 0 0 0 0 0 0 0 0 0 0 0 0 0 0 0 0 0 0 0 0 0 0 0 0 0 0 0 0 0 0 0 0 0 0 0 0 0 0 0 0 0 0 0 0 0 0 0 0 0 0 0 0 0 0 0 0 0 0 0 0 0 0 0 0 0 0 0 0 0 0 0 0 0 0 0 0 0 0 0 0 0 0 0 0 0 0 0 0 0 0 0 0 0 0 0 0 0 0 0 0 0 0 0 0 0 0 0 0 0 0 0 0 0 0 0 0 0 0 0 0 0 0 0 0 0 0 0 0 0 0 0 0 0 0 0 0 0 0 0 0 0 0 0 0 0 0 0 0 0 0 0 0 0 0 0 0 0 0 0 0 0 0 0 0 0 0 0 0 0 0 0 0 0 0 0 0 0 0 0 0 0 0 0 0 0 0 0 0 0 0 0 0 0 0 0 0 0 0 0 0 0 0 0 0 0 0 0 0 0 0 0 0 0 0 0 0 0 0 0 0 0 0 0 0 0 0 0 0 0 0 0 0 0 0 0 0 0 0 0 0 0 0 0 0 0 0 0 0 0 0 0 0 0 0 0 0 0 0 0 0 0 0 0 0 0 0 0 0 0 0 0 0 0 0 0 0 0 0 0 0 0 0 0 0 0 0 0 0 0 0 0 0 0 0 0 0 0 0 0 0 0 0 0 0 0 0 0 0 0 0 0 0 0 0</float_array>
          <technique_common>
            <accessor source="#Mesh_009-mesh-colors-Attribute-array" count="84" stride="4">
              <param name="R" type="float"/>
              <param name="G" type="float"/>
              <param name="B" type="float"/>
              <param name="A" type="float"/>
            </accessor>
          </technique_common>
        </source>
        <vertices id="Mesh_009-mesh-vertices">
          <input semantic="POSITION" source="#Mesh_009-mesh-positions"/>
        </vertices>
        <triangles material="BGLWEEL-material" count="28">
          <input semantic="VERTEX" source="#Mesh_009-mesh-vertices" offset="0"/>
          <input semantic="NORMAL" source="#Mesh_009-mesh-normals" offset="1"/>
          <input semantic="TEXCOORD" source="#Mesh_009-mesh-map-0" offset="2" set="0"/>
          <input semantic="COLOR" source="#Mesh_009-mesh-colors-Attribute" offset="3" set="0"/>
          <p>0 0 0 0 1 1 1 1 2 2 2 2 0 0 3 3 2 2 4 4 3 3 5 5 1 1 6 6 4 4 7 7 5 5 8 8 1 1 9 9 5 5 10 10 2 2 11 11 4 4 12 12 6 6 13 13 7 7 14 14 4 4 15 15 7 7 16 16 5 5 17 17 6 6 18 18 8 8 19 19 9 9 20 20 6 6 21 21 9 9 22 22 7 7 23 23 8 8 24 24 10 10 25 25 11 11 26 26 8 8 27 27 11 11 28 28 9 9 29 29 10 10 30 30 12 12 31 31 13 13 32 32 10 10 33 33 13 13 34 34 11 11 35 35 12 12 36 36 14 14 37 37 15 15 38 38 12 12 39 39 15 15 40 40 13 13 41 41 14 14 42 42 0 0 43 43 3 3 44 44 14 14 45 45 3 3 46 46 15 15 47 47 13 16 48 48 9 17 49 49 11 18 50 50 13 16 51 51 7 19 52 52 9 17 53 53 13 16 54 54 5 20 55 55 7 19 56 56 13 16 57 57 2 21 58 58 5 20 59 59 13 16 60 60 3 22 61 61 2 21 62 62 13 16 63 63 15 23 64 64 3 22 65 65 1 24 66 66 6 25 67 67 4 26 68 68 1 24 69 69 8 27 70 70 6 25 71 71 1 24 72 72 10 28 73 73 8 27 74 74 1 24 75 75 12 29 76 76 10 28 77 77 1 24 78 78 14 30 79 79 12 29 80 80 1 24 81 81 0 31 82 82 14 30 83 83</p>
        </triangles>
      </mesh>
    </geometry>
    <geometry id="Mesh_008-mesh" name="Mesh.008">
      <mesh>
        <source id="Mesh_008-mesh-positions">
          <float_array id="Mesh_008-mesh-positions-array" count="48">0.04774475 -0.07058715 -0.02906799 0.04774475 -0.07046508 0.02935791 -0.04774469 -0.07046508 0.02935791 -0.04774469 -0.07058715 -0.02906799 0.04774475 -0.02906799 0.07058715 -0.04774475 -0.02906799 0.07058715 0.04774475 0.02935791 0.07046508 -0.04774475 0.02935785 0.07046508 0.04774469 0.07058715 0.02906799 -0.04774475 0.07058715 0.02906799 0.04774469 0.07046508 -0.02935791 -0.04774475 0.07046508 -0.02935791 0.04774475 0.02906799 -0.07058715 -0.04774475 0.02906799 -0.07058715 0.04774475 -0.02935785 -0.07046508 -0.04774475 -0.02935791 -0.07046508</float_array>
          <technique_common>
            <accessor source="#Mesh_008-mesh-positions-array" count="16" stride="3">
              <param name="X" type="float"/>
              <param name="Y" type="float"/>
              <param name="Z" type="float"/>
            </accessor>
          </technique_common>
        </source>
        <source id="Mesh_008-mesh-normals">
          <float_array id="Mesh_008-mesh-normals-array" count="96">1.42358e-7 -0.9680477 -0.2507661 1.32799e-7 -0.861833 0.5071924 1.35747e-7 -0.9670056 0.2547554 1.49957e-7 -0.8639141 -0.5036392 0 -0.250766 0.9680477 0 -0.5036392 0.8639141 0 0.5071924 0.861833 0 0.2547554 0.9670056 -1.42358e-7 0.9680477 0.2507661 -1.49957e-7 0.8639141 0.5036392 -1.32799e-7 0.861833 -0.5071924 -1.35747e-7 0.9670056 -0.2547554 0 0.2507661 -0.9680478 0 0.5036394 -0.8639141 0 -0.5071924 -0.8618329 0 -0.2547554 -0.9670056 -1 -1.74086e-7 0 -1 -2.31926e-7 0 -1 -1.9293e-7 0 -1 -1.55249e-7 0 -1 -1.69514e-7 0 -1 -1.77313e-7 0 -1 0 0 -1 -1.9293e-7 0 1 1.77983e-7 0 1 2.31931e-7 0 1 1.92907e-7 0 1 1.92921e-7 0 1 1.41261e-7 0 1 1.28614e-7 0 1 1.65336e-7 0 1 1.92907e-7 0</float_array>
          <technique_common>
            <accessor source="#Mesh_008-mesh-normals-array" count="32" stride="3">
              <param name="X" type="float"/>
              <param name="Y" type="float"/>
              <param name="Z" type="float"/>
            </accessor>
          </technique_common>
        </source>
        <source id="Mesh_008-mesh-map-0">
          <float_array id="Mesh_008-mesh-map-0-array" count="168">0 0.7059015 8.64685e-4 0.292045 8.64685e-4 0.292045 0 0.7059015 8.64685e-4 0.292045 0 0.7059015 8.64685e-4 0.292045 0.2940986 0 0.2940986 0 8.64685e-4 0.292045 0.2940986 0 8.64685e-4 0.292045 0.2940986 0 0.707955 8.64685e-4 0.707955 8.64685e-4 0.2940986 0 0.707955 8.64685e-4 0.2940986 0 0.707955 8.64685e-4 1 0.2940986 1 0.2940986 0.707955 8.64685e-4 1 0.2940986 0.707955 8.64685e-4 1 0.2940986 0.9991353 0.707955 0.9991353 0.707955 1 0.2940986 0.9991353 0.707955 1 0.2940986 0.9991353 0.707955 0.7059015 1 0.7059015 1 0.9991353 0.707955 0.7059015 1 0.9991353 0.707955 0.7059015 1 0.2920449 0.9991353 0.2920449 0.9991353 0.7059015 1 0.2920449 0.9991353 0.7059015 1 0.2920449 0.9991353 0 0.7059015 0 0.7059015 0.2920449 0.9991353 0 0.7059015 0.2920449 0.9991353 0.7059015 1 1 0.2940986 0.9991353 0.707955 0.7059015 1 0.707955 8.64685e-4 1 0.2940986 0.7059015 1 0.2940986 0 0.707955 8.64685e-4 0.7059015 1 8.64685e-4 0.292045 0.2940986 0 0.7059015 1 0 0.7059015 8.64685e-4 0.292045 0.7059015 1 0.2920449 0.9991353 0 0.7059015 8.64685e-4 0.292045 0.707955 8.64685e-4 0.2940986 0 8.64685e-4 0.292045 1 0.2940986 0.707955 8.64685e-4 8.64685e-4 0.292045 0.9991353 0.707955 1 0.2940986 8.64685e-4 0.292045 0.7059015 1 0.9991353 0.707955 8.64685e-4 0.292045 0.2920449 0.9991353 0.7059015 1 8.64685e-4 0.292045 0 0.7059015 0.2920449 0.9991353</float_array>
          <technique_common>
            <accessor source="#Mesh_008-mesh-map-0-array" count="84" stride="2">
              <param name="S" type="float"/>
              <param name="T" type="float"/>
            </accessor>
          </technique_common>
        </source>
        <source id="Mesh_008-mesh-colors-Attribute" name="Attribute">
          <float_array id="Mesh_008-mesh-colors-Attribute-array" count="336">0 0 0 0 0 0 0 0 0 0 0 0 0 0 0 0 0 0 0 0 0 0 0 0 0 0 0 0 0 0 0 0 0 0 0 0 0 0 0 0 0 0 0 0 0 0 0 0 0 0 0 0 0 0 0 0 0 0 0 0 0 0 0 0 0 0 0 0 0 0 0 0 0 0 0 0 0 0 0 0 0 0 0 0 0 0 0 0 0 0 0 0 0 0 0 0 0 0 0 0 0 0 0 0 0 0 0 0 0 0 0 0 0 0 0 0 0 0 0 0 0 0 0 0 0 0 0 0 0 0 0 0 0 0 0 0 0 0 0 0 0 0 0 0 0 0 0 0 0 0 0 0 0 0 0 0 0 0 0 0 0 0 0 0 0 0 0 0 0 0 0 0 0 0 0 0 0 0 0 0 0 0 0 0 0 0 0 0 0 0 0 0 0 0 0 0 0 0 0 0 0 0 0 0 0 0 0 0 0 0 0 0 0 0 0 0 0 0 0 0 0 0 0 0 0 0 0 0 0 0 0 0 0 0 0 0 0 0 0 0 0 0 0 0 0 0 0 0 0 0 0 0 0 0 0 0 0 0 0 0 0 0 0 0 0 0 0 0 0 0 0 0 0 0 0 0 0 0 0 0 0 0 0 0 0 0 0 0 0 0 0 0 0 0 0 0 0 0 0 0 0 0 0 0 0 0 0 0 0 0 0 0 0 0 0 0 0 0 0 0 0 0 0 0 0 0 0 0 0 0 0 0 0 0 0 0</float_array>
          <technique_common>
            <accessor source="#Mesh_008-mesh-colors-Attribute-array" count="84" stride="4">
              <param name="R" type="float"/>
              <param name="G" type="float"/>
              <param name="B" type="float"/>
              <param name="A" type="float"/>
            </accessor>
          </technique_common>
        </source>
        <vertices id="Mesh_008-mesh-vertices">
          <input semantic="POSITION" source="#Mesh_008-mesh-positions"/>
        </vertices>
        <triangles material="BGLWEEL-material" count="28">
          <input semantic="VERTEX" source="#Mesh_008-mesh-vertices" offset="0"/>
          <input semantic="NORMAL" source="#Mesh_008-mesh-normals" offset="1"/>
          <input semantic="TEXCOORD" source="#Mesh_008-mesh-map-0" offset="2" set="0"/>
          <input semantic="COLOR" source="#Mesh_008-mesh-colors-Attribute" offset="3" set="0"/>
          <p>0 0 0 0 1 1 1 1 2 2 2 2 0 0 3 3 2 2 4 4 3 3 5 5 1 1 6 6 4 4 7 7 5 5 8 8 1 1 9 9 5 5 10 10 2 2 11 11 4 4 12 12 6 6 13 13 7 7 14 14 4 4 15 15 7 7 16 16 5 5 17 17 6 6 18 18 8 8 19 19 9 9 20 20 6 6 21 21 9 9 22 22 7 7 23 23 8 8 24 24 10 10 25 25 11 11 26 26 8 8 27 27 11 11 28 28 9 9 29 29 10 10 30 30 12 12 31 31 13 13 32 32 10 10 33 33 13 13 34 34 11 11 35 35 12 12 36 36 14 14 37 37 15 15 38 38 12 12 39 39 15 15 40 40 13 13 41 41 14 14 42 42 0 0 43 43 3 3 44 44 14 14 45 45 3 3 46 46 15 15 47 47 13 16 48 48 9 17 49 49 11 18 50 50 13 16 51 51 7 19 52 52 9 17 53 53 13 16 54 54 5 20 55 55 7 19 56 56 13 16 57 57 2 21 58 58 5 20 59 59 13 16 60 60 3 22 61 61 2 21 62 62 13 16 63 63 15 23 64 64 3 22 65 65 1 24 66 66 6 25 67 67 4 26 68 68 1 24 69 69 8 27 70 70 6 25 71 71 1 24 72 72 10 28 73 73 8 27 74 74 1 24 75 75 12 29 76 76 10 28 77 77 1 24 78 78 14 30 79 79 12 29 80 80 1 24 81 81 0 31 82 82 14 30 83 83</p>
        </triangles>
      </mesh>
    </geometry>
    <geometry id="Mesh_007-mesh" name="Mesh.007">
      <mesh>
        <source id="Mesh_007-mesh-positions">
          <float_array id="Mesh_007-mesh-positions-array" count="48">0.04774475 -0.07058715 -0.02906799 0.04774475 -0.07046508 0.02935791 -0.04774469 -0.07046508 0.02935791 -0.04774469 -0.07058715 -0.02906799 0.04774475 -0.02906799 0.07058715 -0.04774475 -0.02906799 0.07058715 0.04774475 0.02935791 0.07046508 -0.04774475 0.02935785 0.07046508 0.04774469 0.07058715 0.02906799 -0.04774475 0.07058715 0.02906799 0.04774469 0.07046508 -0.02935791 -0.04774475 0.07046508 -0.02935791 0.04774475 0.02906799 -0.07058715 -0.04774475 0.02906799 -0.07058715 0.04774475 -0.02935785 -0.07046508 -0.04774475 -0.02935791 -0.07046508</float_array>
          <technique_common>
            <accessor source="#Mesh_007-mesh-positions-array" count="16" stride="3">
              <param name="X" type="float"/>
              <param name="Y" type="float"/>
              <param name="Z" type="float"/>
            </accessor>
          </technique_common>
        </source>
        <source id="Mesh_007-mesh-normals">
          <float_array id="Mesh_007-mesh-normals-array" count="96">1.42358e-7 -0.9680477 -0.2507661 1.32799e-7 -0.861833 0.5071924 1.35747e-7 -0.9670056 0.2547554 1.49957e-7 -0.8639141 -0.5036392 0 -0.250766 0.9680477 0 -0.5036392 0.8639141 0 0.5071924 0.861833 0 0.2547554 0.9670056 -1.42358e-7 0.9680477 0.2507661 -1.49957e-7 0.8639141 0.5036392 -1.32799e-7 0.861833 -0.5071924 -1.35747e-7 0.9670056 -0.2547554 0 0.2507661 -0.9680478 0 0.5036394 -0.8639141 0 -0.5071924 -0.8618329 0 -0.2547554 -0.9670056 -1 -1.74086e-7 0 -1 -2.31926e-7 0 -1 -1.9293e-7 0 -1 -1.55249e-7 0 -1 -1.69514e-7 0 -1 -1.77313e-7 0 -1 0 0 -1 -1.9293e-7 0 1 1.77983e-7 0 1 2.31931e-7 0 1 1.92907e-7 0 1 1.92921e-7 0 1 1.41261e-7 0 1 1.28614e-7 0 1 1.65336e-7 0 1 1.92907e-7 0</float_array>
          <technique_common>
            <accessor source="#Mesh_007-mesh-normals-array" count="32" stride="3">
              <param name="X" type="float"/>
              <param name="Y" type="float"/>
              <param name="Z" type="float"/>
            </accessor>
          </technique_common>
        </source>
        <source id="Mesh_007-mesh-map-0">
          <float_array id="Mesh_007-mesh-map-0-array" count="168">0 0.7059015 8.64685e-4 0.292045 8.64685e-4 0.292045 0 0.7059015 8.64685e-4 0.292045 0 0.7059015 8.64685e-4 0.292045 0.2940986 0 0.2940986 0 8.64685e-4 0.292045 0.2940986 0 8.64685e-4 0.292045 0.2940986 0 0.707955 8.64685e-4 0.707955 8.64685e-4 0.2940986 0 0.707955 8.64685e-4 0.2940986 0 0.707955 8.64685e-4 1 0.2940986 1 0.2940986 0.707955 8.64685e-4 1 0.2940986 0.707955 8.64685e-4 1 0.2940986 0.9991353 0.707955 0.9991353 0.707955 1 0.2940986 0.9991353 0.707955 1 0.2940986 0.9991353 0.707955 0.7059015 1 0.7059015 1 0.9991353 0.707955 0.7059015 1 0.9991353 0.707955 0.7059015 1 0.2920449 0.9991353 0.2920449 0.9991353 0.7059015 1 0.2920449 0.9991353 0.7059015 1 0.2920449 0.9991353 0 0.7059015 0 0.7059015 0.2920449 0.9991353 0 0.7059015 0.2920449 0.9991353 0.7059015 1 1 0.2940986 0.9991353 0.707955 0.7059015 1 0.707955 8.64685e-4 1 0.2940986 0.7059015 1 0.2940986 0 0.707955 8.64685e-4 0.7059015 1 8.64685e-4 0.292045 0.2940986 0 0.7059015 1 0 0.7059015 8.64685e-4 0.292045 0.7059015 1 0.2920449 0.9991353 0 0.7059015 8.64685e-4 0.292045 0.707955 8.64685e-4 0.2940986 0 8.64685e-4 0.292045 1 0.2940986 0.707955 8.64685e-4 8.64685e-4 0.292045 0.9991353 0.707955 1 0.2940986 8.64685e-4 0.292045 0.7059015 1 0.9991353 0.707955 8.64685e-4 0.292045 0.2920449 0.9991353 0.7059015 1 8.64685e-4 0.292045 0 0.7059015 0.2920449 0.9991353</float_array>
          <technique_common>
            <accessor source="#Mesh_007-mesh-map-0-array" count="84" stride="2">
              <param name="S" type="float"/>
              <param name="T" type="float"/>
            </accessor>
          </technique_common>
        </source>
        <source id="Mesh_007-mesh-colors-Attribute" name="Attribute">
          <float_array id="Mesh_007-mesh-colors-Attribute-array" count="336">0 0 0 0 0 0 0 0 0 0 0 0 0 0 0 0 0 0 0 0 0 0 0 0 0 0 0 0 0 0 0 0 0 0 0 0 0 0 0 0 0 0 0 0 0 0 0 0 0 0 0 0 0 0 0 0 0 0 0 0 0 0 0 0 0 0 0 0 0 0 0 0 0 0 0 0 0 0 0 0 0 0 0 0 0 0 0 0 0 0 0 0 0 0 0 0 0 0 0 0 0 0 0 0 0 0 0 0 0 0 0 0 0 0 0 0 0 0 0 0 0 0 0 0 0 0 0 0 0 0 0 0 0 0 0 0 0 0 0 0 0 0 0 0 0 0 0 0 0 0 0 0 0 0 0 0 0 0 0 0 0 0 0 0 0 0 0 0 0 0 0 0 0 0 0 0 0 0 0 0 0 0 0 0 0 0 0 0 0 0 0 0 0 0 0 0 0 0 0 0 0 0 0 0 0 0 0 0 0 0 0 0 0 0 0 0 0 0 0 0 0 0 0 0 0 0 0 0 0 0 0 0 0 0 0 0 0 0 0 0 0 0 0 0 0 0 0 0 0 0 0 0 0 0 0 0 0 0 0 0 0 0 0 0 0 0 0 0 0 0 0 0 0 0 0 0 0 0 0 0 0 0 0 0 0 0 0 0 0 0 0 0 0 0 0 0 0 0 0 0 0 0 0 0 0 0 0 0 0 0 0 0 0 0 0 0 0 0 0 0 0 0 0 0 0 0 0 0 0 0 0 0 0 0 0 0</float_array>
          <technique_common>
            <accessor source="#Mesh_007-mesh-colors-Attribute-array" count="84" stride="4">
              <param name="R" type="float"/>
              <param name="G" type="float"/>
              <param name="B" type="float"/>
              <param name="A" type="float"/>
            </accessor>
          </technique_common>
        </source>
        <vertices id="Mesh_007-mesh-vertices">
          <input semantic="POSITION" source="#Mesh_007-mesh-positions"/>
        </vertices>
        <triangles material="BGLWEEL-material" count="28">
          <input semantic="VERTEX" source="#Mesh_007-mesh-vertices" offset="0"/>
          <input semantic="NORMAL" source="#Mesh_007-mesh-normals" offset="1"/>
          <input semantic="TEXCOORD" source="#Mesh_007-mesh-map-0" offset="2" set="0"/>
          <input semantic="COLOR" source="#Mesh_007-mesh-colors-Attribute" offset="3" set="0"/>
          <p>0 0 0 0 1 1 1 1 2 2 2 2 0 0 3 3 2 2 4 4 3 3 5 5 1 1 6 6 4 4 7 7 5 5 8 8 1 1 9 9 5 5 10 10 2 2 11 11 4 4 12 12 6 6 13 13 7 7 14 14 4 4 15 15 7 7 16 16 5 5 17 17 6 6 18 18 8 8 19 19 9 9 20 20 6 6 21 21 9 9 22 22 7 7 23 23 8 8 24 24 10 10 25 25 11 11 26 26 8 8 27 27 11 11 28 28 9 9 29 29 10 10 30 30 12 12 31 31 13 13 32 32 10 10 33 33 13 13 34 34 11 11 35 35 12 12 36 36 14 14 37 37 15 15 38 38 12 12 39 39 15 15 40 40 13 13 41 41 14 14 42 42 0 0 43 43 3 3 44 44 14 14 45 45 3 3 46 46 15 15 47 47 13 16 48 48 9 17 49 49 11 18 50 50 13 16 51 51 7 19 52 52 9 17 53 53 13 16 54 54 5 20 55 55 7 19 56 56 13 16 57 57 2 21 58 58 5 20 59 59 13 16 60 60 3 22 61 61 2 21 62 62 13 16 63 63 15 23 64 64 3 22 65 65 1 24 66 66 6 25 67 67 4 26 68 68 1 24 69 69 8 27 70 70 6 25 71 71 1 24 72 72 10 28 73 73 8 27 74 74 1 24 75 75 12 29 76 76 10 28 77 77 1 24 78 78 14 30 79 79 12 29 80 80 1 24 81 81 0 31 82 82 14 30 83 83</p>
        </triangles>
      </mesh>
    </geometry>
    <geometry id="Mesh_006-mesh" name="Mesh.006">
      <mesh>
        <source id="Mesh_006-mesh-positions">
          <float_array id="Mesh_006-mesh-positions-array" count="48">0.04774475 -0.07058715 -0.02906799 0.04774475 -0.07046508 0.02935791 -0.04774469 -0.07046508 0.02935791 -0.04774469 -0.07058715 -0.02906799 0.04774475 -0.02906799 0.07058715 -0.04774475 -0.02906799 0.07058715 0.04774475 0.02935791 0.07046508 -0.04774475 0.02935785 0.07046508 0.04774469 0.07058715 0.02906799 -0.04774475 0.07058715 0.02906799 0.04774469 0.07046508 -0.02935791 -0.04774475 0.07046508 -0.02935791 0.04774475 0.02906799 -0.07058715 -0.04774475 0.02906799 -0.07058715 0.04774475 -0.02935785 -0.07046508 -0.04774475 -0.02935791 -0.07046508</float_array>
          <technique_common>
            <accessor source="#Mesh_006-mesh-positions-array" count="16" stride="3">
              <param name="X" type="float"/>
              <param name="Y" type="float"/>
              <param name="Z" type="float"/>
            </accessor>
          </technique_common>
        </source>
        <source id="Mesh_006-mesh-normals">
          <float_array id="Mesh_006-mesh-normals-array" count="96">1.42358e-7 -0.9680477 -0.2507661 1.32799e-7 -0.861833 0.5071924 1.35747e-7 -0.9670056 0.2547554 1.49957e-7 -0.8639141 -0.5036392 0 -0.250766 0.9680477 0 -0.5036392 0.8639141 0 0.5071924 0.861833 0 0.2547554 0.9670056 -1.42358e-7 0.9680477 0.2507661 -1.49957e-7 0.8639141 0.5036392 -1.32799e-7 0.861833 -0.5071924 -1.35747e-7 0.9670056 -0.2547554 0 0.2507661 -0.9680478 0 0.5036394 -0.8639141 0 -0.5071924 -0.8618329 0 -0.2547554 -0.9670056 -1 -1.74086e-7 0 -1 -2.31926e-7 0 -1 -1.9293e-7 0 -1 -1.55249e-7 0 -1 -1.69514e-7 0 -1 -1.77313e-7 0 -1 0 0 -1 -1.9293e-7 0 1 1.77983e-7 0 1 2.31931e-7 0 1 1.92907e-7 0 1 1.92921e-7 0 1 1.41261e-7 0 1 1.28614e-7 0 1 1.65336e-7 0 1 1.92907e-7 0</float_array>
          <technique_common>
            <accessor source="#Mesh_006-mesh-normals-array" count="32" stride="3">
              <param name="X" type="float"/>
              <param name="Y" type="float"/>
              <param name="Z" type="float"/>
            </accessor>
          </technique_common>
        </source>
        <source id="Mesh_006-mesh-map-0">
          <float_array id="Mesh_006-mesh-map-0-array" count="168">0 0.7059015 8.64685e-4 0.292045 8.64685e-4 0.292045 0 0.7059015 8.64685e-4 0.292045 0 0.7059015 8.64685e-4 0.292045 0.2940986 0 0.2940986 0 8.64685e-4 0.292045 0.2940986 0 8.64685e-4 0.292045 0.2940986 0 0.707955 8.64685e-4 0.707955 8.64685e-4 0.2940986 0 0.707955 8.64685e-4 0.2940986 0 0.707955 8.64685e-4 1 0.2940986 1 0.2940986 0.707955 8.64685e-4 1 0.2940986 0.707955 8.64685e-4 1 0.2940986 0.9991353 0.707955 0.9991353 0.707955 1 0.2940986 0.9991353 0.707955 1 0.2940986 0.9991353 0.707955 0.7059015 1 0.7059015 1 0.9991353 0.707955 0.7059015 1 0.9991353 0.707955 0.7059015 1 0.2920449 0.9991353 0.2920449 0.9991353 0.7059015 1 0.2920449 0.9991353 0.7059015 1 0.2920449 0.9991353 0 0.7059015 0 0.7059015 0.2920449 0.9991353 0 0.7059015 0.2920449 0.9991353 0.7059015 1 1 0.2940986 0.9991353 0.707955 0.7059015 1 0.707955 8.64685e-4 1 0.2940986 0.7059015 1 0.2940986 0 0.707955 8.64685e-4 0.7059015 1 8.64685e-4 0.292045 0.2940986 0 0.7059015 1 0 0.7059015 8.64685e-4 0.292045 0.7059015 1 0.2920449 0.9991353 0 0.7059015 8.64685e-4 0.292045 0.707955 8.64685e-4 0.2940986 0 8.64685e-4 0.292045 1 0.2940986 0.707955 8.64685e-4 8.64685e-4 0.292045 0.9991353 0.707955 1 0.2940986 8.64685e-4 0.292045 0.7059015 1 0.9991353 0.707955 8.64685e-4 0.292045 0.2920449 0.9991353 0.7059015 1 8.64685e-4 0.292045 0 0.7059015 0.2920449 0.9991353</float_array>
          <technique_common>
            <accessor source="#Mesh_006-mesh-map-0-array" count="84" stride="2">
              <param name="S" type="float"/>
              <param name="T" type="float"/>
            </accessor>
          </technique_common>
        </source>
        <source id="Mesh_006-mesh-colors-Attribute" name="Attribute">
          <float_array id="Mesh_006-mesh-colors-Attribute-array" count="336">0 0 0 0 0 0 0 0 0 0 0 0 0 0 0 0 0 0 0 0 0 0 0 0 0 0 0 0 0 0 0 0 0 0 0 0 0 0 0 0 0 0 0 0 0 0 0 0 0 0 0 0 0 0 0 0 0 0 0 0 0 0 0 0 0 0 0 0 0 0 0 0 0 0 0 0 0 0 0 0 0 0 0 0 0 0 0 0 0 0 0 0 0 0 0 0 0 0 0 0 0 0 0 0 0 0 0 0 0 0 0 0 0 0 0 0 0 0 0 0 0 0 0 0 0 0 0 0 0 0 0 0 0 0 0 0 0 0 0 0 0 0 0 0 0 0 0 0 0 0 0 0 0 0 0 0 0 0 0 0 0 0 0 0 0 0 0 0 0 0 0 0 0 0 0 0 0 0 0 0 0 0 0 0 0 0 0 0 0 0 0 0 0 0 0 0 0 0 0 0 0 0 0 0 0 0 0 0 0 0 0 0 0 0 0 0 0 0 0 0 0 0 0 0 0 0 0 0 0 0 0 0 0 0 0 0 0 0 0 0 0 0 0 0 0 0 0 0 0 0 0 0 0 0 0 0 0 0 0 0 0 0 0 0 0 0 0 0 0 0 0 0 0 0 0 0 0 0 0 0 0 0 0 0 0 0 0 0 0 0 0 0 0 0 0 0 0 0 0 0 0 0 0 0 0 0 0 0 0 0 0 0 0 0 0 0 0 0 0 0 0 0 0 0 0 0 0 0 0 0 0 0 0 0 0 0</float_array>
          <technique_common>
            <accessor source="#Mesh_006-mesh-colors-Attribute-array" count="84" stride="4">
              <param name="R" type="float"/>
              <param name="G" type="float"/>
              <param name="B" type="float"/>
              <param name="A" type="float"/>
            </accessor>
          </technique_common>
        </source>
        <vertices id="Mesh_006-mesh-vertices">
          <input semantic="POSITION" source="#Mesh_006-mesh-positions"/>
        </vertices>
        <triangles material="BGLWEEL-material" count="28">
          <input semantic="VERTEX" source="#Mesh_006-mesh-vertices" offset="0"/>
          <input semantic="NORMAL" source="#Mesh_006-mesh-normals" offset="1"/>
          <input semantic="TEXCOORD" source="#Mesh_006-mesh-map-0" offset="2" set="0"/>
          <input semantic="COLOR" source="#Mesh_006-mesh-colors-Attribute" offset="3" set="0"/>
          <p>0 0 0 0 1 1 1 1 2 2 2 2 0 0 3 3 2 2 4 4 3 3 5 5 1 1 6 6 4 4 7 7 5 5 8 8 1 1 9 9 5 5 10 10 2 2 11 11 4 4 12 12 6 6 13 13 7 7 14 14 4 4 15 15 7 7 16 16 5 5 17 17 6 6 18 18 8 8 19 19 9 9 20 20 6 6 21 21 9 9 22 22 7 7 23 23 8 8 24 24 10 10 25 25 11 11 26 26 8 8 27 27 11 11 28 28 9 9 29 29 10 10 30 30 12 12 31 31 13 13 32 32 10 10 33 33 13 13 34 34 11 11 35 35 12 12 36 36 14 14 37 37 15 15 38 38 12 12 39 39 15 15 40 40 13 13 41 41 14 14 42 42 0 0 43 43 3 3 44 44 14 14 45 45 3 3 46 46 15 15 47 47 13 16 48 48 9 17 49 49 11 18 50 50 13 16 51 51 7 19 52 52 9 17 53 53 13 16 54 54 5 20 55 55 7 19 56 56 13 16 57 57 2 21 58 58 5 20 59 59 13 16 60 60 3 22 61 61 2 21 62 62 13 16 63 63 15 23 64 64 3 22 65 65 1 24 66 66 6 25 67 67 4 26 68 68 1 24 69 69 8 27 70 70 6 25 71 71 1 24 72 72 10 28 73 73 8 27 74 74 1 24 75 75 12 29 76 76 10 28 77 77 1 24 78 78 14 30 79 79 12 29 80 80 1 24 81 81 0 31 82 82 14 30 83 83</p>
        </triangles>
      </mesh>
    </geometry>
  </library_geometries>
  <library_visual_scenes>
    <visual_scene id="Scene" name="Scene">
      <node id="EAGLE_DAT" name="EAGLE.DAT" type="NODE">
        <matrix sid="transform">1 0 0 0 0 1 0 0 0 0 1 0 0 0 0 1</matrix>
        <instance_geometry url="#Mesh_005-mesh" name="EAGLE.DAT">
          <bind_material>
            <technique_common>
              <instance_material symbol="BGLBOT-material" target="#BGLBOT-material">
                <bind_vertex_input semantic="map1" input_semantic="TEXCOORD" input_set="0"/>
              </instance_material>
              <instance_material symbol="BGLNOSE-material" target="#BGLNOSE-material">
                <bind_vertex_input semantic="map1" input_semantic="TEXCOORD" input_set="0"/>
              </instance_material>
              <instance_material symbol="BGLSIDE-material" target="#BGLSIDE-material">
                <bind_vertex_input semantic="map1" input_semantic="TEXCOORD" input_set="0"/>
              </instance_material>
              <instance_material symbol="BGLSPIKE-material" target="#BGLSPIKE-material">
                <bind_vertex_input semantic="map1" input_semantic="TEXCOORD" input_set="0"/>
              </instance_material>
              <instance_material symbol="BGLSPIKEH-material" target="#BGLSPIKEH-material">
                <bind_vertex_input semantic="map1" input_semantic="TEXCOORD" input_set="0"/>
              </instance_material>
              <instance_material symbol="BGLTOP-material" target="#BGLTOP-material">
                <bind_vertex_input semantic="map1" input_semantic="TEXCOORD" input_set="0"/>
              </instance_material>
              <instance_material symbol="BGLUNDER-material" target="#BGLUNDER-material">
                <bind_vertex_input semantic="map1" input_semantic="TEXCOORD" input_set="0"/>
              </instance_material>
              <instance_material symbol="DRSKY-material" target="#DRSKY-material">
                <bind_vertex_input semantic="map1" input_semantic="TEXCOORD" input_set="0"/>
              </instance_material>
              <instance_material symbol="MURKHW-material" target="#MURKHW-material">
                <bind_vertex_input semantic="map1" input_semantic="TEXCOORD" input_set="0"/>
              </instance_material>
              <instance_material symbol="MURKSW-material" target="#MURKSW-material">
                <bind_vertex_input semantic="map1" input_semantic="TEXCOORD" input_set="0"/>
              </instance_material>
            </technique_common>
          </bind_material>
        </instance_geometry>
        <node id="FRPIVOT_ACT_001" name="FRPIVOT.ACT.001" type="NODE">
          <matrix sid="transform">1 0 0 -0.124 0 1 0 -0.175 0 0 1 0.07058698 0 0 0 1</matrix>
          <node id="WHEEL_DAT" name="WHEEL.DAT" type="NODE">
            <matrix sid="transform">1 0 0 0 0 1 0 0 0 0 1 0 0 0 0 1</matrix>
            <instance_geometry url="#Mesh_006-mesh" name="WHEEL.DAT">
              <bind_material>
                <technique_common>
                  <instance_material symbol="BGLWEEL-material" target="#BGLWEEL-material">
                    <bind_vertex_input semantic="map1" input_semantic="TEXCOORD" input_set="0"/>
                  </instance_material>
                </technique_common>
              </bind_material>
            </instance_geometry>
          </node>
        </node>
        <node id="FLPIVOT_ACT_001" name="FLPIVOT.ACT.001" type="NODE">
          <matrix sid="transform">1 0 0 0.124 0 1 0 -0.175 0 0 1 0.07058698 0 0 0 1</matrix>
          <node id="WHEEL_DAT_001" name="WHEEL.DAT.001" type="NODE">
            <matrix sid="transform">1 0 0 0 0 1 0 0 0 0 1 0 0 0 0 1</matrix>
            <instance_geometry url="#Mesh_007-mesh" name="WHEEL.DAT.001">
              <bind_material>
                <technique_common>
                  <instance_material symbol="BGLWEEL-material" target="#BGLWEEL-material">
                    <bind_vertex_input semantic="map1" input_semantic="TEXCOORD" input_set="0"/>
                  </instance_material>
                </technique_common>
              </bind_material>
            </instance_geometry>
          </node>
        </node>
        <node id="WHEEL_DAT_002" name="WHEEL.DAT.002" type="NODE">
          <matrix sid="transform">1 0 0 -0.131 0 1 0 0.304 0 0 1 0.07058702 0 0 0 1</matrix>
          <instance_geometry url="#Mesh_008-mesh" name="WHEEL.DAT.002">
            <bind_material>
              <technique_common>
                <instance_material symbol="BGLWEEL-material" target="#BGLWEEL-material">
                  <bind_vertex_input semantic="map1" input_semantic="TEXCOORD" input_set="0"/>
                </instance_material>
              </technique_common>
            </bind_material>
          </instance_geometry>
        </node>
        <node id="WHEEL_DAT_003" name="WHEEL.DAT.003" type="NODE">
          <matrix sid="transform">1 0 0 0.131 0 1 0 0.304 0 0 1 0.07058702 0 0 0 1</matrix>
          <instance_geometry url="#Mesh_009-mesh" name="WHEEL.DAT.003">
            <bind_material>
              <technique_common>
                <instance_material symbol="BGLWEEL-material" target="#BGLWEEL-material">
                  <bind_vertex_input semantic="map1" input_semantic="TEXCOORD" input_set="0"/>
                </instance_material>
              </technique_common>
            </bind_material>
          </instance_geometry>
        </node>
      </node>
    </visual_scene>
  </library_visual_scenes>
  <scene>
    <instance_visual_scene url="#Scene"/>
  </scene>
</COLLADA>