<?xml version="1.0" encoding="utf-8"?>
<COLLADA xmlns="http://www.collada.org/2005/11/COLLADASchema" version="1.4.1" xmlns:xsi="http://www.w3.org/2001/XMLSchema-instance">
  <asset>
    <contributor>
      <author>Blender User</author>
      <authoring_tool>Blender 4.3.0 commit date:2024-11-19, commit time:08:52, hash:2b18cad88b13</authoring_tool>
    </contributor>
    <created>2025-02-21T18:30:44</created>
    <modified>2025-02-21T18:30:44</modified>
    <unit name="meter" meter="1"/>
    <up_axis>Z_UP</up_axis>
  </asset>
  <library_effects>
    <effect id="BGLSPIKE-effect">
      <profile_COMMON>
        <newparam sid="BGLSPIKE_png-surface">
          <surface type="2D">
            <init_from>BGLSPIKE_png</init_from>
          </surface>
        </newparam>
        <newparam sid="BGLSPIKE_png-sampler">
          <sampler2D>
            <source>BGLSPIKE_png-surface</source>
          </sampler2D>
        </newparam>
        <technique sid="common">
          <lambert>
            <emission>
              <color sid="emission">0 0 0 1</color>
            </emission>
            <diffuse>
              <texture texture="BGLSPIKE_png-sampler" texcoord="map1"/>
            </diffuse>
            <index_of_refraction>
              <float sid="ior">1</float>
            </index_of_refraction>
          </lambert>
        </technique>
      </profile_COMMON>
    </effect>
    <effect id="BGLSPIKEH-effect">
      <profile_COMMON>
        <newparam sid="BGLSPIKEH_png-surface">
          <surface type="2D">
            <init_from>BGLSPIKEH_png</init_from>
          </surface>
        </newparam>
        <newparam sid="BGLSPIKEH_png-sampler">
          <sampler2D>
            <source>BGLSPIKEH_png-surface</source>
          </sampler2D>
        </newparam>
        <technique sid="common">
          <lambert>
            <emission>
              <color sid="emission">0 0 0 1</color>
            </emission>
            <diffuse>
              <texture texture="BGLSPIKEH_png-sampler" texcoord="map1"/>
            </diffuse>
            <index_of_refraction>
              <float sid="ior">1</float>
            </index_of_refraction>
          </lambert>
        </technique>
      </profile_COMMON>
    </effect>
    <effect id="BGLUNDER-effect">
      <profile_COMMON>
        <newparam sid="BGLUNDER_png-surface">
          <surface type="2D">
            <init_from>BGLUNDER_png</init_from>
          </surface>
        </newparam>
        <newparam sid="BGLUNDER_png-sampler">
          <sampler2D>
            <source>BGLUNDER_png-surface</source>
          </sampler2D>
        </newparam>
        <technique sid="common">
          <lambert>
            <emission>
              <color sid="emission">0 0 0 1</color>
            </emission>
            <diffuse>
              <texture texture="BGLUNDER_png-sampler" texcoord="map1"/>
            </diffuse>
            <index_of_refraction>
              <float sid="ior">1</float>
            </index_of_refraction>
          </lambert>
        </technique>
      </profile_COMMON>
    </effect>
    <effect id="DRSKY-effect">
      <profile_COMMON>
        <newparam sid="DRSKY_png-surface">
          <surface type="2D">
            <init_from>DRSKY_png</init_from>
          </surface>
        </newparam>
        <newparam sid="DRSKY_png-sampler">
          <sampler2D>
            <source>DRSKY_png-surface</source>
          </sampler2D>
        </newparam>
        <technique sid="common">
          <lambert>
            <emission>
              <color sid="emission">0 0 0 1</color>
            </emission>
            <diffuse>
              <texture texture="DRSKY_png-sampler" texcoord="map1"/>
            </diffuse>
            <index_of_refraction>
              <float sid="ior">1</float>
            </index_of_refraction>
          </lambert>
        </technique>
      </profile_COMMON>
    </effect>
    <effect id="MURKHW-effect">
      <profile_COMMON>
        <newparam sid="MURKHW_png-surface">
          <surface type="2D">
            <init_from>MURKHW_png</init_from>
          </surface>
        </newparam>
        <newparam sid="MURKHW_png-sampler">
          <sampler2D>
            <source>MURKHW_png-surface</source>
          </sampler2D>
        </newparam>
        <technique sid="common">
          <lambert>
            <emission>
              <color sid="emission">0 0 0 1</color>
            </emission>
            <diffuse>
              <texture texture="MURKHW_png-sampler" texcoord="map1"/>
            </diffuse>
            <index_of_refraction>
              <float sid="ior">1</float>
            </index_of_refraction>
          </lambert>
        </technique>
      </profile_COMMON>
    </effect>
    <effect id="MURKSW-effect">
      <profile_COMMON>
        <newparam sid="MURKSW_png-surface">
          <surface type="2D">
            <init_from>MURKSW_png</init_from>
          </surface>
        </newparam>
        <newparam sid="MURKSW_png-sampler">
          <sampler2D>
            <source>MURKSW_png-surface</source>
          </sampler2D>
        </newparam>
        <technique sid="common">
          <lambert>
            <emission>
              <color sid="emission">0 0 0 1</color>
            </emission>
            <diffuse>
              <texture texture="MURKSW_png-sampler" texcoord="map1"/>
            </diffuse>
            <index_of_refraction>
              <float sid="ior">1</float>
            </index_of_refraction>
          </lambert>
        </technique>
      </profile_COMMON>
    </effect>
    <effect id="YELEBOT-effect">
      <profile_COMMON>
        <newparam sid="yelebot_png-surface">
          <surface type="2D">
            <init_from>yelebot_png</init_from>
          </surface>
        </newparam>
        <newparam sid="yelebot_png-sampler">
          <sampler2D>
            <source>yelebot_png-surface</source>
          </sampler2D>
        </newparam>
        <technique sid="common">
          <lambert>
            <emission>
              <color sid="emission">0 0 0 1</color>
            </emission>
            <diffuse>
              <texture texture="yelebot_png-sampler" texcoord="map1"/>
            </diffuse>
            <index_of_refraction>
              <float sid="ior">1</float>
            </index_of_refraction>
          </lambert>
        </technique>
      </profile_COMMON>
    </effect>
    <effect id="YELENOSE-effect">
      <profile_COMMON>
        <newparam sid="yelenose_png-surface">
          <surface type="2D">
            <init_from>yelenose_png</init_from>
          </surface>
        </newparam>
        <newparam sid="yelenose_png-sampler">
          <sampler2D>
            <source>yelenose_png-surface</source>
          </sampler2D>
        </newparam>
        <technique sid="common">
          <lambert>
            <emission>
              <color sid="emission">0 0 0 1</color>
            </emission>
            <diffuse>
              <texture texture="yelenose_png-sampler" texcoord="map1"/>
            </diffuse>
            <index_of_refraction>
              <float sid="ior">1</float>
            </index_of_refraction>
          </lambert>
        </technique>
      </profile_COMMON>
    </effect>
    <effect id="YELESIDE-effect">
      <profile_COMMON>
        <newparam sid="yeleside_png-surface">
          <surface type="2D">
            <init_from>yeleside_png</init_from>
          </surface>
        </newparam>
        <newparam sid="yeleside_png-sampler">
          <sampler2D>
            <source>yeleside_png-surface</source>
          </sampler2D>
        </newparam>
        <technique sid="common">
          <lambert>
            <emission>
              <color sid="emission">0 0 0 1</color>
            </emission>
            <diffuse>
              <texture texture="yeleside_png-sampler" texcoord="map1"/>
            </diffuse>
            <index_of_refraction>
              <float sid="ior">1</float>
            </index_of_refraction>
          </lambert>
        </technique>
      </profile_COMMON>
    </effect>
    <effect id="YELETOP-effect">
      <profile_COMMON>
        <newparam sid="yeletop_png-surface">
          <surface type="2D">
            <init_from>yeletop_png</init_from>
          </surface>
        </newparam>
        <newparam sid="yeletop_png-sampler">
          <sampler2D>
            <source>yeletop_png-surface</source>
          </sampler2D>
        </newparam>
        <technique sid="common">
          <lambert>
            <emission>
              <color sid="emission">0 0 0 1</color>
            </emission>
            <diffuse>
              <texture texture="yeletop_png-sampler" texcoord="map1"/>
            </diffuse>
            <index_of_refraction>
              <float sid="ior">1</float>
            </index_of_refraction>
          </lambert>
        </technique>
      </profile_COMMON>
    </effect>
    <effect id="BGLWEEL-effect">
      <profile_COMMON>
        <newparam sid="BGLWEEL_png-surface">
          <surface type="2D">
            <init_from>BGLWEEL_png</init_from>
          </surface>
        </newparam>
        <newparam sid="BGLWEEL_png-sampler">
          <sampler2D>
            <source>BGLWEEL_png-surface</source>
          </sampler2D>
        </newparam>
        <technique sid="common">
          <lambert>
            <emission>
              <color sid="emission">0 0 0 1</color>
            </emission>
            <diffuse>
              <texture texture="BGLWEEL_png-sampler" texcoord="map1"/>
            </diffuse>
            <index_of_refraction>
              <float sid="ior">1</float>
            </index_of_refraction>
          </lambert>
        </technique>
      </profile_COMMON>
    </effect>
  </library_effects>
  <library_images>
    <image id="BGLSPIKEH_png" name="BGLSPIKEH_png">
      <init_from>BGLSPIKEH.png</init_from>
    </image>
    <image id="BGLSPIKE_png" name="BGLSPIKE_png">
      <init_from>BGLSPIKE.png</init_from>
    </image>
    <image id="BGLUNDER_png" name="BGLUNDER_png">
      <init_from>BGLUNDER.png</init_from>
    </image>
    <image id="BGLWEEL_png" name="BGLWEEL_png">
      <init_from>BGLWEEL.png</init_from>
    </image>
    <image id="DRSKY_png" name="DRSKY_png">
      <init_from>DRSKY.png</init_from>
    </image>
    <image id="MURKHW_png" name="MURKHW_png">
      <init_from>MURKHW.png</init_from>
    </image>
    <image id="MURKSW_png" name="MURKSW_png">
      <init_from>MURKSW.png</init_from>
    </image>
    <image id="yelebot_png" name="yelebot_png">
      <init_from>yelebot.png</init_from>
    </image>
    <image id="yelenose_png" name="yelenose_png">
      <init_from>yelenose.png</init_from>
    </image>
    <image id="yeleside_png" name="yeleside_png">
      <init_from>yeleside.png</init_from>
    </image>
    <image id="yeletop_png" name="yeletop_png">
      <init_from>yeletop.png</init_from>
    </image>
  </library_images>
  <library_materials>
    <material id="BGLSPIKE-material" name="BGLSPIKE">
      <instance_effect url="#BGLSPIKE-effect"/>
    </material>
    <material id="BGLSPIKEH-material" name="BGLSPIKEH">
      <instance_effect url="#BGLSPIKEH-effect"/>
    </material>
    <material id="BGLUNDER-material" name="BGLUNDER">
      <instance_effect url="#BGLUNDER-effect"/>
    </material>
    <material id="DRSKY-material" name="DRSKY">
      <instance_effect url="#DRSKY-effect"/>
    </material>
    <material id="MURKHW-material" name="MURKHW">
      <instance_effect url="#MURKHW-effect"/>
    </material>
    <material id="MURKSW-material" name="MURKSW">
      <instance_effect url="#MURKSW-effect"/>
    </material>
    <material id="YELEBOT-material" name="YELEBOT">
      <instance_effect url="#YELEBOT-effect"/>
    </material>
    <material id="YELENOSE-material" name="YELENOSE">
      <instance_effect url="#YELENOSE-effect"/>
    </material>
    <material id="YELESIDE-material" name="YELESIDE">
      <instance_effect url="#YELESIDE-effect"/>
    </material>
    <material id="YELETOP-material" name="YELETOP">
      <instance_effect url="#YELETOP-effect"/>
    </material>
    <material id="BGLWEEL-material" name="BGLWEEL">
      <instance_effect url="#BGLWEEL-effect"/>
    </material>
  </library_materials>
  <library_geometries>
    <geometry id="Mesh_005-mesh" name="Mesh.005">
      <mesh>
        <source id="Mesh_005-mesh-positions">
          <float_array id="Mesh_005-mesh-positions-array" count="516">-0.159832 -0.253694 0.05193793 -0.159832 -0.253694 0.100346 0.159771 -0.253695 0.100346 -0.153438 -0.253694 0.02568697 0.159771 -0.253695 0.05193793 0.15338 -0.253695 0.02568697 -0.1490589 -0.09588199 0.02885097 -0.1595299 -0.09588199 0.104151 -0.1595299 -0.09588199 0.04483598 0.159469 -0.09588193 0.04483598 0.159469 -0.09588193 0.104151 0.148998 -0.09588193 0.02885097 -0.166199 -0.207309 0.152386 0.166138 -0.2073079 0.152386 -0.166199 -0.144116 0.1523849 0.166139 -0.1441159 0.1523849 -0.157734 0.224811 0.02885097 -0.180751 0.224811 0.105927 0.1806859 0.224811 0.105927 0.15767 0.224811 0.02885097 -0.180751 0.224811 0.04483699 0.180687 0.224811 0.04483699 -0.179013 0.385488 0.03548598 0.1789489 0.385489 0.03548598 0.17895 0.385421 0.106026 -0.179013 0.38542 0.106026 0.1789489 0.337364 0.153592 -0.179013 0.337365 0.153592 0.17895 0.27253 0.153737 -0.179014 0.27253 0.153737 -0.07007598 -0.26141 0.03249394 -0.07007598 -0.26141 0.109934 -0.07007598 -0.205028 0.148873 0.06987202 -0.2050279 0.148873 0.06987202 -0.26141 0.109934 0.06987202 -0.26141 0.03249394 0.06987196 -0.08012998 0.03249394 -0.07007598 -0.08012998 0.03249394 -0.07007598 -0.09605896 0.148873 0.06987196 -0.09605896 0.148873 -0.07007604 0.388926 0.03859102 -0.07007598 0.232425 0.150545 -0.07007604 0.388926 0.150545 0.06987196 0.205875 0.03328096 0.06987196 0.388926 0.03859102 0.06987196 0.232425 0.150545 -0.07007598 0.205875 0.03328096 0.06987196 0.388926 0.150545 -0.08265101 0.1495299 0.150556 -0.06334996 0.05056399 0.146483 -0.05318295 0.102007 0.183817 -0.01583999 0.02099198 0.1453599 -0.01682496 0.102007 0.183817 -0.06382399 0.1443449 0.190909 0.05311995 0.102007 0.183817 0.06328594 0.05056399 0.146483 0.08258694 0.1495299 0.150556 0.01577597 0.02099198 0.1453599 0.01676195 0.102007 0.183817 0.06375998 0.144345 0.190909 -0.09813201 0.460692 0.145737 -0.02563601 0.462622 0.152067 -0.115698 0.460697 0.124199 -0.115698 0.484094 0.124109 -0.155971 0.460696 0.124199 0.1156339 0.460697 0.124199 0.02557194 0.462622 0.152067 0.09806692 0.460692 0.145737 0.1559069 0.460697 0.124199 0.1156339 0.484094 0.124109 -0.115698 0.483766 0.071168 -0.155971 0.460368 0.06003701 0.1559069 0.460369 0.06003701 0.1156339 0.483766 0.071168 -0.13514 -0.326658 0.04985892 -0.1383019 -0.30971 0.02563595 -0.06035995 -0.352358 0.04985892 -0.06035995 -0.350026 0.08807498 0.135079 -0.326658 0.04985892 0.132636 -0.330156 0.08807498 0.06029897 -0.350026 0.08807498 0.06032299 -0.352358 0.04985892 0.06034803 -0.32958 0.02563595 0.138243 -0.30971 0.02563595 -0.06035995 -0.32958 0.02563595 -0.1326969 -0.330156 0.08807498 0.150377 0.113104 0.02885097 -0.149491 0.113104 0.02885097 -0.155905 -0.144116 0.168029 -0.1461399 -0.08936399 0.119143 -0.155905 -0.207309 0.168029 -0.168815 0.2154279 0.119143 -0.167192 0.272385 0.174266 -0.167192 0.33722 0.174121 -0.167192 0.4120849 0.117171 -0.159585 0.113103 0.04483598 -0.159585 0.108107 0.103825 -0.147716 0.105781 0.119143 0.148087 0.106763 0.119143 0.146079 -0.08936399 0.119143 0.160471 0.108106 0.103825 0.160471 0.113103 0.04483598 0.155844 -0.1441159 0.168029 0.155844 -0.2073079 0.168029 0.1687499 0.215428 0.119143 0.1671289 0.272385 0.174266 0.1671279 0.337219 0.174121 0.1671279 0.412086 0.117171 -7.70423e-5 0.483706 0.271283 -7.70423e-5 0.483706 0.109587 -7.69819e-5 -0.206906 0.109587 -7.69819e-5 -0.206906 0.271283 -0.117321 0.193668 0.119143 -0.136315 0.197795 0.119143 -0.1108689 -0.08936399 0.119143 -0.07859998 -0.130102 0.1554629 -0.07859998 -0.144116 0.168029 -0.07859998 -0.207308 0.168029 -0.06035995 -0.144116 0.1576359 -0.06035995 -0.207309 0.152386 0.06029897 -0.2073079 0.152386 0.06029999 -0.144116 0.1576359 -0.07446402 0.1866829 0.198002 -0.05182397 0.226678 0.182976 -0.08588099 0.215124 0.183532 -0.09998601 0.197162 0.134849 -0.116498 0.227804 0.183972 -0.09750401 0.224426 0.183972 -0.123957 0.2723799 0.215749 -0.148225 0.272385 0.186509 -0.09813302 0.272381 0.223339 -0.123957 0.337215 0.215604 -0.148225 0.33722 0.186364 -0.134692 0.412086 0.117171 -0.05245298 0.274631 0.222343 -0.05245202 0.339465 0.222198 -0.02563703 0.27431 0.202135 -0.02500802 0.226357 0.162768 -0.02563601 0.339144 0.20199 -0.05289399 0.1404759 0.20599 -0.04416 0.1000289 0.195625 -0.02584797 0.1000289 0.195625 -7.70163e-5 0.1866829 0.198002 -0.01711398 0.1404759 0.20599 0.117258 0.193668 0.119143 0.110808 -0.08936399 0.119143 0.1362519 0.197795 0.119143 0.07853901 -0.130102 0.1554629 0.07853901 -0.144116 0.168029 0.07853901 -0.207307 0.168029 0.08581697 0.215125 0.183532 0.05175995 0.226678 0.182976 0.07440096 0.1866829 0.198002 0.09992194 0.197162 0.134849 0.123893 0.272381 0.215749 0.09743994 0.224427 0.183972 0.116433 0.227803 0.183972 0.1481609 0.272385 0.186509 0.123893 0.337215 0.215604 0.09806895 0.27238 0.223339 0.1481599 0.337219 0.186364 0.134629 0.412086 0.117171 0.05238896 0.274631 0.222343 0.05238795 0.339466 0.222198 0.02557295 0.274311 0.202135 0.02494394 0.226356 0.162768 0.02557295 0.339144 0.20199 0.02578395 0.1000289 0.195625 0.04409694 0.100029 0.195625 0.05283099 0.140476 0.20599 0.01704996 0.140476 0.20599 0.01676094 0.102007 0.183817</float_array>
          <technique_common>
            <accessor source="#Mesh_005-mesh-positions-array" count="172" stride="3">
              <param name="X" type="float"/>
              <param name="Y" type="float"/>
              <param name="Z" type="float"/>
            </accessor>
          </technique_common>
        </source>
        <source id="Mesh_005-mesh-normals">
          <float_array id="Mesh_005-mesh-normals-array" count="822">3.11283e-6 1 8.74662e-7 2.95917e-6 0.9306058 -0.3660231 6.65407e-7 0.930598 -0.3660427 3.06701e-6 1 1.53038e-6 3.13872e-6 1 1.6232e-7 3.20541e-6 1 -9.25046e-7 0 -1 -1.31892e-7 0 -0.9190346 -0.3941769 -1.91756e-7 -1 0 1.91757e-7 -1 0 0 -0.9190382 -0.3941688 0 -1 0 9.11313e-7 0.3967667 -0.9179195 -1.22246e-6 0.3967766 -0.9179152 0 -0.3704005 -0.9288722 0 -0.3704125 -0.9288673 0 1 0 0 0.9253595 -0.379091 0 0.9253543 -0.3791036 0 1 0 0 1 0 2.97655e-6 -0.9999995 -9.65132e-4 2.83071e-6 -0.9999995 -9.62886e-4 2.69077e-6 -0.9227067 -0.3855026 8.34308e-7 -0.9227131 -0.3854875 8.83192e-7 -0.381341 -0.9244346 -1.04769e-6 -0.381356 -0.9244283 0 0.3852105 -0.9228287 0 0.3852085 -0.9228297 -1 0 0 -1 -2.13302e-7 0 -1 0 0 1 1.31828e-7 0 1 2.13302e-7 0 1 1.87125e-7 0 1 0 0 -1 0 0 -1 -1.46877e-7 0 1 0 0 -1 -1.40861e-7 0 -1 -1.69754e-7 0 -1 0 0 1 0 0 1 0 0 1 0 0 -1 -2.10182e-7 0 1 0 0 -0.8698067 -0.2361489 0.4332091 -0.04342335 -0.7092718 0.7035965 -0.592097 -0.1041936 0.7991027 -0.1027567 -0.4648164 0.8794242 0 -0.4288282 0.9033861 -0.8822455 -0.2845638 0.3750551 0.5870411 -0.3362451 0.7364252 0.4744613 -0.4536974 0.7543509 0.869813 -0.2361394 0.4332017 0.03391438 -0.5154724 0.8562349 -2.8763e-7 -0.4288282 0.9033861 0.8822501 -0.2845447 0.375059 -0.343755 0.787477 0.5115786 -0.01476657 0.859743 0.5105136 -0.6445964 0.5836309 0.4938325 9.13878e-7 -0.03688848 0.9993194 0 0.003846406 0.9999926 3.01415e-6 -0.1099908 0.9939327 0.6360957 0.5738111 0.5158714 0.01353323 0.8582723 0.5130163 0.3676685 0.7954168 0.4818011 0 -0.1099892 0.9939329 0 0.003846406 0.9999926 0 -0.0368883 0.9993194 -0.2597911 0.9656481 -0.005691587 -0.2777196 0.9606438 -0.005951762 -0.8221021 0.5693315 -0.00313133 -0.7827981 0.6220802 0.01560598 0.8220979 0.5693376 -0.00313133 0.2777057 0.9606479 -0.005951821 0.2597865 0.9656493 -0.005691587 0.7829502 0.6218948 0.01535856 -0.6592236 -0.7188261 -0.2207114 -0.7550985 -0.5346816 -0.379397 -0.1647671 -0.9332121 -0.3193231 -0.1170278 -0.8490048 0.5152627 0.646777 -0.7318556 -0.214632 0.466775 -0.802803 0.3709828 0.0769962 -0.8390463 0.5385843 0.1454693 -0.9125269 -0.382274 0.06113952 -0.7271717 -0.6837276 0.7551696 -0.5346899 -0.3792438 -0.09168154 -0.7254333 -0.6821591 -0.6071196 -0.7582074 0.237755 2.49254e-4 9.77796e-4 -0.9999995 1.18799e-4 8.17776e-4 -0.9999998 3.74373e-5 7.17975e-4 -0.9999998 -2.49349e-4 9.78205e-4 -0.9999995 -1.18842e-4 8.17764e-4 -0.9999998 -2.49421e-4 9.77863e-4 -0.9999995 -1.344e-6 0.429605 -0.9030169 -3.76999e-6 0.3713024 -0.928512 0 0.3713311 -0.9285005 0 0.4295902 -0.903024 -9.82659e-7 0.3115522 -0.9502291 -8.84251e-7 0.3115532 -0.9502287 0 0 -1 0 0 -1 0 0 -1 0 0 -1 0 0 -1 0 0 -1 0 0 -1 0 0 -1 0 0 -1 0 0 -1 0 0.02899616 -0.9995796 0 0.02899616 -0.9995796 0 0.02899616 -0.9995796 0 0.02899616 -0.9995796 -0.4353629 0.3308881 0.8372408 -0.4664687 0.2030262 0.8609223 -0.913107 0.1742227 0.3686218 -0.7877008 0.3329694 0.5183231 -0.4593072 -0.2183321 0.8610273 -0.8583915 -0.2809708 0.429208 -0.9397979 -0.2537335 -0.2289087 -0.9481368 -0.298382 -0.1095667 -0.9371183 -0.3399947 0.07882326 -0.8363993 -0.2792543 0.4716497 -0.9152564 -0.2459289 0.3190999 -0.6097491 -0.3836075 0.6935787 -0.6589782 -0.3109884 0.6848607 -0.833859 0.2688899 0.4820554 -0.700602 0.2508415 0.6680086 -0.8854571 0.3785035 0.269631 -0.8085203 0.4674522 0.3574681 -0.8827839 -0.1629505 -0.4406129 -0.7199621 -0.08660852 -0.6885881 -0.9691706 -0.07878655 -0.2334544 -0.9593843 -0.002899527 -0.2820878 -0.8423506 -0.02140593 -0.5385048 -0.8365063 -0.001729249 -0.5479548 -0.9383817 -0.09444618 0.332445 -0.424396 -0.03957331 0.9046117 -0.9517557 0.305962 0.02342003 0.4119912 -0.04025256 0.9102983 0.4517877 0.3503547 0.8204508 0.9369069 -0.0951541 0.3363795 0.914292 0.1807264 0.3625027 0.9581884 -0.009548842 -0.2859789 0.9282296 -0.06140053 -0.3669056 0.8423601 -0.02159547 -0.5384823 0.9096869 -0.2451857 0.3351919 0.8847655 -0.1541842 -0.4397925 0.7203075 -0.08054214 -0.6889632 0.4369843 0.3303119 0.8366234 0.7876747 0.3329861 0.518352 0.4682413 -0.2197025 0.8558511 0.8583878 -0.2809777 0.4292106 0.9481387 -0.2983929 -0.109521 0.937116 -0.3399978 0.07883608 0.6144389 -0.3807324 0.6910194 0.8364121 -0.2792553 0.4716261 0.672259 -0.311101 0.6717768 0.833864 0.2688761 0.4820545 0.691735 0.232891 0.6835675 0.8854492 0.3785111 0.2696462 0.8075298 0.4660946 0.3614576 0.9517521 0.3059732 0.02341461 0.8364951 -0.00551939 -0.5479468 0.9398162 -0.2537593 -0.2288048 -1 0 0 -1 0 0 -1 0 0 -1 0 0 -0.1332595 -0.5643054 0.8147401 -0.1883404 -0.3993831 0.8972296 -0.08091086 0.6252967 0.7761813 0.09925997 0.6633473 0.7416993 0.2218759 0.334316 0.9159716 0.3082641 -0.1949592 0.9311092 0.5382928 0.2341274 0.8095834 0.6384931 -0.1950344 0.7445054 1.11553e-6 -0.2504374 0.9681328 2.16147e-6 -0.2504349 0.9681335 -0.00322026 0.004504799 0.9999848 0.003214418 0.03597205 0.9993476 -0.5549077 0.09021711 0.8270056 -0.1257381 0.5508427 0.8250832 -0.6749656 0.09376752 0.731867 -0.137434 0.02350586 0.9902321 0.09904694 0.04562336 0.9940364 0.01988416 0.06879955 0.9974324 -0.669461 -0.01658463 0.7426621 -0.7034592 -0.009265899 0.7106754 -0.8173282 -0.151158 0.555991 -0.330577 -0.7088788 0.6230648 -0.2019699 -0.6725695 0.7119399 -0.5102595 -0.3110411 0.8018035 -0.662716 -0.3081105 0.6825507 -0.1186649 -0.3067751 0.9443558 -0.4744639 0.258305 0.841524 -0.6232081 0.3233183 0.7120934 -0.5470116 0.5166772 0.6586525 4.30507e-6 -0.1430898 0.9897097 4.98073e-6 -0.1430897 0.9897098 -0.780142 -0.1209462 0.6138001 -0.2648945 -0.3738756 0.8888465 -0.3144984 -0.7976014 0.5147067 0.5023152 -0.6161841 0.6066273 -0.03007298 0.06604558 0.9973633 0.3050328 -0.2998348 0.9039105 0.1700568 0.2431803 0.9549576 0.3187959 -0.3407887 0.8844389 0.5136507 -0.5226019 0.680478 0.3776309 0.1898325 0.9062884 -0.4052268 -0.2092135 0.8899557 -0.4004254 -0.307656 0.8631381 0.2864838 -0.2954177 0.911403 -0.01155 0.390124 0.92069 0.07536655 -0.03602546 0.996505 -0.8361848 -0.2902794 0.4653311 0 -0.9862582 -0.1652112 0 -0.9862583 -0.1652108 0 -0.9862581 -0.165212 0 -0.986258 -0.1652129 0.3878306 -0.4580993 0.7998329 -0.7875375 -0.303296 0.5364665 -0.02524137 0.6218224 0.7827515 0.1348432 -0.5644967 0.8143469 0 0.4096604 0.9122381 0.1883813 -0.3993747 0.8972248 -0.09926384 0.6633457 0.7417002 -0.2218856 0.3343147 0.9159698 -0.2703902 -0.2336614 0.9339655 -0.5342717 0.1879236 0.8241593 -0.6384935 -0.1950298 0.7445062 0.7805368 -0.006256401 0.6250786 -0.1069353 0.5349615 0.8380817 0.4783458 0.05610144 0.8763778 -0.09903192 0.04560989 0.9940385 0.1781358 0.1400722 0.9739853 0.8087605 -0.1060037 0.5785065 0.7034533 -0.009255826 0.7106813 0.6696395 -0.01526033 0.7425296 0.505244 -0.3113396 0.8048579 0.1813661 -0.6986804 0.6920636 0.3301837 -0.7022033 0.6307847 0.6621702 -0.3102446 0.6821136 0.4558638 0.2523909 0.8535146 0.1171234 -0.3062464 0.9447197 0.6720897 0.2783126 0.686176 0.5702416 0.5292176 0.6282939 0 -0.1430888 0.9897099 0 -0.1430888 0.9897099 0.7927308 -0.1236133 0.5969069 0.4154924 -0.7862321 0.4573896 0.2653281 -0.3735747 0.8888437 -0.2915153 -0.5677058 0.7698889 -0.3050379 -0.2998357 0.9039085 -0.2058853 0.1772156 0.9623959 -0.3187935 -0.34077 0.884447 -0.219221 -0.6173545 0.7555235 -0.303982 0.1372122 0.9427449 -0.4004209 -0.3076552 0.8631406 0.4004258 -0.3076557 0.8631381 0.3835881 -0.2099205 0.8993295 -0.05969291 -0.1187969 0.9911227 0.8370067 -0.2881017 0.4652067 3.53679e-7 -0.9862581 -0.165212 1.33716e-7 -0.986258 -0.1652128 2.07692e-7 -0.986258 -0.1652126 5.30964e-7 -0.9862582 -0.1652114 -0.387822 -0.4581012 0.7998359 0.7875446 -0.3032912 0.536459 -0.245834 0.7257177 0.6425725</float_array>
          <technique_common>
            <accessor source="#Mesh_005-mesh-normals-array" count="274" stride="3">
              <param name="X" type="float"/>
              <param name="Y" type="float"/>
              <param name="Z" type="float"/>
            </accessor>
          </technique_common>
        </source>
        <source id="Mesh_005-mesh-map-0">
          <float_array id="Mesh_005-mesh-map-0-array" count="1860">0.9999936 0.2071918 0.9999936 0.5892627 1 0.5892627 0.9999936 0 1 0.2071918 1 0 0 0.02497261 0 0.6192945 0 0.1511377 0 0.1511377 0 0.6192945 0 0.02497261 0 0.02497261 0 0.02497261 0 0.6192945 0 0.6192945 0 0.02497261 0 0.6192945 0.9999936 0.5892627 0.7060697 1 1 0.5892627 1 0.5892627 0.7060697 1 0.7060634 1 0.7060634 1 0.7060697 1 0.3056402 0.9999921 0.7060634 1 0.3056402 0.9999921 0.3056402 0.9999921 0 0.6192945 0.3056402 0.9999921 0.3056402 0.9999921 0 0.6192945 0.3056402 0.9999921 0 0.6192945 0.9999936 0 1 0.5892627 1 0.2071918 0.9999936 0 0.9999936 0.2071918 1 0.5892627 1 0 1 0.6171709 1 0.6171709 1 0 1 0 1 0.6171709 1 0.6171709 1 0 1 0.1280046 1 0.1280046 1 0 1 0.6171709 6.19888e-6 0.05312842 0 0.05312842 4.23193e-4 0.6179636 6.19888e-6 0.05312842 4.23193e-4 0.6179636 4.29392e-4 0.6179636 4.29392e-4 0.6179636 4.23193e-4 0.6179636 0.2995122 0.998839 4.29392e-4 0.6179636 0.2995122 0.998839 0.299506 0.998839 0.299506 0.998839 0.2995122 0.998839 0.7030149 1 0.7030149 1 0.7030149 1 0.299506 0.998839 1 0.6171709 0.7030149 1 0.7030149 1 1 0.6171709 0.7030149 1 1 0.6171709 1 0 1 0.6654121 0.6889783 1 0.6889783 1 1 0.6654121 1 0 1 0 0 0 0.6889783 1 0 0 0.6889783 1 0.08786952 1 0.6889783 1 0 0 1 0 0 0 0.08786952 1 0.6889783 1 1.19209e-7 0.04528248 0.8549585 1 1.19209e-7 1 1 0 1.19209e-7 0.04528248 0.8549585 1 0.8549585 1 1.19209e-7 0.04528248 1 0 1.19209e-7 0.04528248 1.19209e-7 1 0.8549585 1 0 0.1140749 0.7699357 0.0246548 0.3697194 0.8442996 0.3697194 0.8442996 0.7699357 0.0246548 1 0 0.3697194 0.8442996 1 0 0.3697194 0.8442996 0.04033821 1 0 0.1140749 0.3697194 0.8442996 0.3697194 0.8442996 0.7699357 0.0246548 0 0.1140749 1 0 0.7699357 0.0246548 0.3697194 0.8442996 0.3697194 0.8442996 1 0 0.3697194 0.8442996 0.3697194 0.8442996 0 0.1140749 0.04033821 1 0.3697194 0.8442996 1 0 1 0 1 0 0.3697194 0.8442996 0.3697194 0.8442996 0.8145461 0.931218 0.5820962 1 0.8708694 0.6971857 0.8708694 0.6971857 0.8708694 0.6962078 1 0.6971857 0.1291306 0.6971857 0.4179038 1 0.1854571 0.931218 0 0.6971857 0.1291306 0.6962078 0.1291306 0.6971857 0.1291306 0.6971857 0.1291306 0.6962078 0.8708694 0.6962078 0.8708694 0.6962078 0.8708694 0.6971857 0.1291306 0.6971857 0.4179038 1 0.8708694 0.6971857 0.5820962 1 0.8708694 0.6971857 0.4179038 1 0.1291306 0.6971857 0.8708694 0.6962078 0.8708694 0.1209497 1 0 0.8708694 0.6962078 1 0 1 0.6971857 0 0 0.1291306 0.1209497 0.1291306 0.6962078 0 0.6971857 0 0 0.1291306 0.6962078 0.1291306 0.6962078 0.1291306 0.1209497 0.8708694 0.1209497 0.8708694 0.1209497 0.8708694 0.6962078 0.1291306 0.6962078 0.01143389 0.3879466 0 0 0.281842 0.3879466 0.281842 0.3879466 0.281842 1 0.01143389 0.3879466 0.9885588 0.3879466 0.9797248 1 0.7181507 1 0.7182375 0.3879466 0.7183279 0 1 0 0.7182375 0.3879466 0.7181507 1 0.281842 1 0.281842 0.3879466 0.281842 0 0.7183279 0 0.9885588 0.3879466 0.7181507 1 0.7182375 0.3879466 0.7182375 0.3879466 1 0 0.9885588 0.3879466 0.7182375 0.3879466 0.281842 1 0.281842 0.3879466 0 0 0.281842 0 0.281842 0.3879466 0.281842 0.3879466 0.7183279 0 0.7182375 0.3879466 0.281842 1 0.0202679 1 0.01143389 0.3879466 0.8862701 0.02443003 0.9285538 0.09330105 0.6685318 0 0.3313229 0 0.07142937 0.0932998 0.113716 0.02443003 0.07142937 0.0932998 0.3313229 0 0.6685318 0 0.6685318 0 0.9285538 0.09330105 0.07142937 0.0932998 0.1768763 1 0.06436991 0.9712336 0.93563 0.9712324 0.93563 0.9712324 0.8231237 1 0.1768763 1 0.06436991 0.9712336 0 0.8791695 0.93563 0.9712324 0.93563 0.9712324 0 0.8791695 1 0.8791683 0.07981848 0.5442752 0.08367085 0.2873292 0.9163207 0.2873292 0.05944484 0.6816177 0.9175276 0.5442752 0.9405551 0.6816177 0.07981848 0.5442752 0.9163207 0.2873292 0.9175276 0.5442752 0.9175276 0.5442752 0.05944484 0.6816177 0.07981848 0.5442752 0.3199999 0.93 0.6686783 0.93 0.6686783 0.6758136 0.3199999 0.93 0.6686783 0.6758136 0.3199999 0.6758136 0.6686783 0.93 0.3199999 0.93 0.3199999 0.6758135 0.6686783 0.93 0.3199999 0.6758135 0.6686783 0.6758135 0.76476 0.9580368 0.6955284 0.629126 0.7037701 0.5282581 0.7037701 0.5282581 0.76476 0.8527821 0.76476 0.9580368 0.8446649 0.9580368 0.76476 0.9580368 0.76476 0.8527821 0.76476 0.8527821 0.8446649 0.8527888 0.8446649 0.9580368 1 0.4200969 0.8446649 0.9580368 0.8446649 0.8527888 0.9033169 3.43144e-4 0.9741469 0 0.9033169 0.1769629 0.9955769 0.1629751 1 0.4200969 0.9033169 0.5026576 1 0.4200969 0.8446649 0.8527888 0.9033169 0.5026576 0.2379282 0.8618785 0.298267 0.5402073 0.3101314 0.629126 0.3101314 0.629126 0.2381116 1 0.2379282 0.8618785 0.155947 0.8609029 0.2379282 0.8618785 0.2381116 1 0.2381116 1 0.1561303 0.9990245 0.155947 0.8609029 0.09518343 0.5408733 0.155947 0.8609029 0.1561303 0.9990245 0.1561303 0.9990245 0.06146663 0.6158582 0.09518343 0.5408733 0.298267 0.1291865 0.298267 0.02163094 0.4395171 0.1291798 0.7037701 0.1291798 0.4395159 0.02163094 0.7037701 0.02163094 0.4458343 0.5260648 0.4487755 0.629126 0.3101314 0.629126 0.4458343 0.5260648 0.7037701 0.1291798 0.7037701 0.5282581 0.298267 0.1291865 0.4458343 0.5260648 0.298267 0.5402073 0.4458343 0.5260648 0.4395171 0.1291798 0.7037701 0.1291798 0.4458343 0.5260648 0.7037701 0.5282581 0.6955284 0.629126 0.298267 0.5402073 0.4458343 0.5260648 0.3101314 0.629126 0.09509742 0.06627196 0.09518343 0.5408733 0.06146663 0.6158582 0 0.6631434 4.14759e-4 0.2314539 0.09509742 0.06627196 0.06146663 0.6158582 0 0.6631434 0.09509742 0.06627196 0.4395171 0.1291798 0.298267 0.02163094 0.4395159 0.02163094 0.4458343 0.5260648 0.298267 0.1291865 0.4395171 0.1291798 0.4395159 0.02163094 0.7037701 0.1291798 0.4395171 0.1291798 0.4458343 0.5260648 0.6955284 0.629126 0.4487755 0.629126 0.9955769 0.1629751 0.9033169 0.5026576 0.9033169 0.1769629 0.9033169 0.1769629 0.9741469 0 0.9955769 0.1629751 0.4475345 0.629126 0.6955288 0.629126 0.4458363 0.5260648 0.7037705 0.5282581 0.7037705 0.1291798 0.4458363 0.5260648 0.4395178 0.1291798 0.7037705 0.1291798 0.4395166 0.02163094 0.2982679 0.5402073 0.4458363 0.5260648 0.2982679 0.1291865 0.4395166 0.02163094 0.2982679 0.02163094 0.4395178 0.1291798 0.4395178 0.1291798 0.2982679 0.1291865 0.4458363 0.5260648 0.6955288 0.629126 0.7037705 0.5282581 0.4458363 0.5260648 0.7037705 0.5282581 0.6955288 0.629126 0.7647603 0.9580368 0.7647603 0.9580368 0.7647603 0.8527821 0.7037705 0.5282581 0.7647603 0.8527821 0.7647603 0.9580368 0.8446639 0.9580368 0.8446639 0.9580368 0.8446639 0.8527888 0.7647603 0.8527821 0.8446639 0.8527888 0.8446639 0.9580368 1 0.4200969 0.9033183 0.1769629 0.9033183 0.5026576 0.995577 0.1629751 0.995577 0.1629751 0.9741469 0 0.9033183 0.1769629 0.9033183 0.5026576 0.8446639 0.8527888 1 0.4200969 0.3101322 0.629126 0.4458363 0.5260648 0.2982679 0.5402073 0.3101322 0.629126 0.2982679 0.5402073 0.2379292 0.8618785 0.2379292 0.8618785 0.2381125 1 0.3101322 0.629126 0.2381125 1 0.2379292 0.8618785 0.1559493 0.8609029 0.1559493 0.8609029 0.1561326 0.9990245 0.2381125 1 0.1561326 0.9990245 0.1559493 0.8609029 0.09518331 0.5408733 0.09518331 0.5408733 0.06146651 0.6158582 0.1561326 0.9990245 0.09509736 0.06627196 4.14759e-4 0.2314539 0 0.6631434 0.09509736 0.06627196 0 0.6631434 0.06146651 0.6158582 0.06146651 0.6158582 0.09518331 0.5408733 0.09509736 0.06627196 0.7037705 0.02163094 0.4395166 0.02163094 0.7037705 0.1291798 0.4395178 0.1291798 0.2982679 0.02163094 0.2982679 0.1291865 0.7037705 0.1291798 0.4395178 0.1291798 0.4458363 0.5260648 0.3101322 0.629126 0.4475345 0.629126 0.4458363 0.5260648 0.9033183 0.1769629 0.9741469 0 0.9033183 3.43144e-4 0.9033183 0.5026576 1 0.4200969 0.995577 0.1629751 0 1 0 0 1 0 0 1 1 0 1 1 0.8474546 0.33096 0.9037223 0.3258816 0.9374965 0.439109 0.9374965 0.439109 0.9328277 0.6792436 0.8283413 0.6792436 0.7327477 0.7293736 0.8283413 0.6792436 0.9328277 0.6792436 0.7327477 0.7466185 0.9617555 0.7466185 0.9617555 0.8243803 0.9617555 0.8243803 0.7327477 0.824379 0.7327477 0.7466185 0.7327477 0.7293736 0.7327477 0.7466185 0.6787137 0.7466185 0.6787137 0.7466185 0.7327477 0.7466185 0.7327477 0.824379 0.7327477 0.824379 0.6787137 0.8243803 0.6787137 0.7466185 0.6787137 1 0.3212744 0.824379 0.6787137 0.8243803 0.3212744 0.824379 0.6787137 0.7466185 0.6787137 0.8243803 0.3212744 0.824379 0.3212715 0.7466185 0.6787137 0.7466185 0.6787137 1 0.9617555 0.8243803 0.8930043 0.9755491 0.7327477 0.824379 0.9617555 0.8243803 0.6787137 1 0.6787137 0.8243803 0.7327477 0.824379 0.6787137 1 0.7327477 0.7293736 0.9328277 0.6792436 0.9617555 0.7466185 0.9617555 0.7466185 0.7327477 0.7466185 0.7327477 0.7293736 0.7204954 0.3395554 0.6534268 0.2903397 0.7543169 0.3045575 0.7327477 0.7293736 0.6787137 0.7466185 0.6875713 0.5070559 0.546828 0.5434456 0.6787137 0.7466185 0.3212715 0.7466185 0.8474546 0.33096 0.8283413 0.6792436 0.7961015 0.3266605 0.8450165 0.2889541 0.7887489 0.2931109 0.867113 0.2341013 0.9390043 0.2340952 0.9951921 0.2340952 0.9037223 0.3258816 0.867113 0.2341013 0.7906122 0.2341001 0.867113 0.1543189 0.9390043 0.1543127 0.9951921 0.1543127 0.9390043 0.2340952 0.8989143 0.06218683 0.9951921 0.06218808 0.9390043 0.1543127 0.8426466 0.002368807 0.961951 0.002370059 0.8989143 0.06218683 0.9374965 0.439109 0.8283413 0.6792436 0.8474546 0.33096 0.9951921 0.2340952 1 0.3041834 0.9037223 0.3258816 0.7887489 0.2931109 0.7906122 0.2341001 0.867113 0.2341013 0.9951921 0.1543127 0.9951921 0.2340952 0.9390043 0.2340952 0.9951921 0.06218808 0.9951921 0.1543127 0.9390043 0.1543127 0.867113 0.1543189 0.7906093 0.002375006 0.8989143 0.06218683 0.961951 0.002370059 0.9951921 0.06218808 0.8989143 0.06218683 0.8450165 0.2889541 0.9037223 0.3258816 0.8474546 0.33096 0.8474546 0.33096 0.7887489 0.2931109 0.8450165 0.2889541 0.9390043 0.2340952 0.9037223 0.3258816 0.8450165 0.2889541 0.8450165 0.2889541 0.867113 0.2341013 0.9390043 0.2340952 0.867113 0.1543189 0.9390043 0.1543127 0.9390043 0.2340952 0.9390043 0.2340952 0.867113 0.2341013 0.867113 0.1543189 0.9390043 0.1543127 0.867113 0.1543189 0.8989143 0.06218683 0.7906093 0.002375006 0.8426466 0.002368807 0.8989143 0.06218683 0.8283413 0.6792436 0.7327477 0.7293736 0.7447484 0.3852738 0.6875713 0.5070559 0.7447484 0.3852738 0.7327477 0.7293736 0.7961015 0.3266605 0.7447484 0.3852738 0.7543169 0.3045575 0.7543169 0.3045575 0.7887489 0.2931109 0.7961015 0.3266605 0.7543169 0.3045575 0.6534268 0.2903397 0.7887489 0.2931109 0.7447484 0.3852738 0.7204954 0.3395554 0.7543169 0.3045575 0.7961015 0.3266605 0.8283413 0.6792436 0.7447484 0.3852738 0.7887489 0.2931109 0.8474546 0.33096 0.7961015 0.3266605 0.546828 0.5434456 0.3212715 0.7466185 0.453169 0.5434456 0.6875713 0.5070559 0.6787137 0.7466185 0.546828 0.5434456 0.6552901 0.2313314 0.7906122 0.2341001 0.7887489 0.2931109 0.7887489 0.2931109 0.6534268 0.2903397 0.6552901 0.2313314 0.6552872 0.1515502 0.867113 0.1543189 0.7906122 0.2341001 0.7906122 0.2341001 0.6552901 0.2313314 0.6552872 0.1515502 0.5758476 0 0.7906093 0.002375006 0.867113 0.1543189 0.867113 0.1543189 0.6552872 0.1515502 0.5758476 0 0.5758506 0.2317264 0.6552901 0.2313314 0.6534268 0.2903397 0.6534268 0.2903397 0.5739873 0.2907347 0.5758506 0.2317264 0.5758476 0.1519452 0.6552872 0.1515502 0.6552901 0.2313314 0.6552901 0.2313314 0.5758506 0.2317264 0.5758476 0.1519452 0.6552872 0.1515502 0.5758476 0.1519452 0.5758476 0 0.6565965 0.3964152 0.630723 0.446187 0.5764756 0.446187 0.5001319 0.3395554 0.7204954 0.3395554 0.5506021 0.3964152 0.7204954 0.3395554 0.6889755 0.3916542 0.6565965 0.3964152 0.630723 0.446187 0.6574527 0.443753 0.549746 0.443753 0.549746 0.443753 0.5764756 0.446187 0.630723 0.446187 0.5764756 0.446187 0.549746 0.443753 0.5506021 0.3964152 0.6565965 0.3964152 0.5764756 0.446187 0.5506021 0.3964152 0.6574527 0.443753 0.630723 0.446187 0.6565965 0.3964152 0.5506021 0.3964152 0.7204954 0.3395554 0.6565965 0.3964152 0.7204954 0.3395554 0.5001319 0.3395554 0.6534268 0.2903397 0.5739873 0.2907347 0.6534268 0.2903397 0.5001319 0.3395554 0.1525395 0.33096 0.171647 0.6792436 0.06121194 0.4379006 0 0.3041834 0.09627181 0.3258816 0.06121194 0.4379006 0.06716042 0.6792436 0.171647 0.6792436 0.2672404 0.7293736 0.2672404 0.7293736 0.2672404 0.7466185 0.03823262 0.7466185 0.03823262 0.7466185 0.2672404 0.7466185 0.03823262 0.824379 0.2672404 0.7466185 0.2672404 0.8243778 0.03823262 0.824379 0.3212744 1 0.1069839 0.9755491 0.03823262 0.824379 0.3212715 0.7466185 0.2672404 0.7466185 0.2672404 0.7293736 0.2672404 0.8243778 0.2672404 0.7466185 0.3212715 0.7466185 0.3212715 0.7466185 0.3212744 0.824379 0.2672404 0.8243778 0.03823262 0.824379 0.2672404 0.8243778 0.3212744 1 0.3212744 1 0.2672404 0.8243778 0.3212744 0.824379 0.3212744 1 0.3212744 0.824379 0.6787137 1 0.03823262 0.7466185 0.06716042 0.6792436 0.2672404 0.7293736 0.2456801 0.3045562 0.3465703 0.2903397 0.2794988 0.3395554 0.3124257 0.5070559 0.3212715 0.7466185 0.2672404 0.7293736 0.2038955 0.3266605 0.171647 0.6792436 0.1525395 0.33096 0.132884 0.2341001 0.2112482 0.2931097 0.1549835 0.2889553 0.09627181 0.3258816 0.004802048 0.2340952 0.06099271 0.2340952 0.132884 0.1543189 0.2093849 0.2341013 0.132884 0.2341001 0.06099271 0.2340952 0.004805028 0.154314 0.06099569 0.154314 0.06099569 0.154314 0.004805028 0.06218683 0.1010798 0.06218683 0.1010798 0.06218683 0.038046 0.002368807 0.1573504 0.002368807 0.171647 0.6792436 0.06716042 0.6792436 0.06121194 0.4379006 0.09627181 0.3258816 0 0.3041834 0.004802048 0.2340952 0.132884 0.2341001 0.2093849 0.2341013 0.2112482 0.2931097 0.06099271 0.2340952 0.004802048 0.2340952 0.004805028 0.154314 0.06099569 0.154314 0.004805028 0.154314 0.004805028 0.06218683 0.1010798 0.06218683 0.004805028 0.06218683 0.038046 0.002368807 0.1525395 0.33096 0.09627181 0.3258816 0.1549835 0.2889553 0.1549835 0.2889553 0.2112482 0.2931097 0.1525395 0.33096 0.1549835 0.2889553 0.09627181 0.3258816 0.06099271 0.2340952 0.06099271 0.2340952 0.132884 0.2341001 0.1549835 0.2889553 0.06099271 0.2340952 0.06099569 0.154314 0.132884 0.1543189 0.132884 0.1543189 0.132884 0.2341001 0.06099271 0.2340952 0.06099569 0.154314 0.1010798 0.06218683 0.2093908 0.002375006 0.2093908 0.002375006 0.132884 0.1543189 0.06099569 0.154314 0.1010798 0.06218683 0.1573504 0.002368807 0.2093908 0.002375006 0.2552486 0.3852738 0.2672404 0.7293736 0.171647 0.6792436 0.2672404 0.7293736 0.2552486 0.3852738 0.3124257 0.5070559 0.2456801 0.3045562 0.2552486 0.3852738 0.2038955 0.3266605 0.2038955 0.3266605 0.2112482 0.2931097 0.2456801 0.3045562 0.2112482 0.2931097 0.3465703 0.2903397 0.2456801 0.3045562 0.2456801 0.3045562 0.2794988 0.3395554 0.2552486 0.3852738 0.2552486 0.3852738 0.171647 0.6792436 0.2038955 0.3266605 0.2038955 0.3266605 0.1525395 0.33096 0.2112482 0.2931097 0.453169 0.5434456 0.3212715 0.7466185 0.3124257 0.5070559 0.2112482 0.2931097 0.2093849 0.2341013 0.344707 0.2313314 0.344707 0.2313314 0.3465703 0.2903397 0.2112482 0.2931097 0.2093849 0.2341013 0.132884 0.1543189 0.3447099 0.1515489 0.3447099 0.1515489 0.344707 0.2313314 0.2093849 0.2341013 0.132884 0.1543189 0.2093908 0.002375006 0.4241494 0 0.4241494 0 0.3447099 0.1515489 0.132884 0.1543189 0.3465703 0.2903397 0.344707 0.2313314 0.4241465 0.2317251 0.4241465 0.2317251 0.4260098 0.290736 0.3465703 0.2903397 0.344707 0.2313314 0.3447099 0.1515489 0.4241465 0.1519452 0.4241465 0.1519452 0.4241465 0.2317251 0.344707 0.2313314 0.4241494 0 0.4241465 0.1519452 0.3447099 0.1515489 0.4235214 0.446187 0.3692711 0.446187 0.3433976 0.3964152 0.449395 0.3964152 0.2794988 0.3395554 0.5001319 0.3395554 0.3110216 0.3916542 0.2552486 0.3852738 0.2794988 0.3395554 0.4502511 0.443753 0.3425415 0.443753 0.3692711 0.446187 0.3692711 0.446187 0.4235214 0.446187 0.4502511 0.443753 0.449395 0.3964152 0.4502511 0.443753 0.4235214 0.446187 0.449395 0.3964152 0.4235214 0.446187 0.3433976 0.3964152 0.3433976 0.3964152 0.3692711 0.446187 0.3425415 0.443753 0.3433976 0.3964152 0.2794988 0.3395554 0.449395 0.3964152 0.3465703 0.2903397 0.5001319 0.3395554 0.2794988 0.3395554 0.5001319 0.3395554 0.3465703 0.2903397 0.4260098 0.290736 0.5506021 0.3964152 0.449395 0.3964152 0.5001319 0.3395554 0.5506021 0.3964152 0.549746 0.443753 0.4502511 0.443753 0.5506021 0.3964152 0.4502511 0.443753 0.449395 0.3964152 0.4260098 0.290736 0.4241465 0.2317251 0.5758506 0.2317264 0.4260098 0.290736 0.5758506 0.2317264 0.5739873 0.2907347 0.4241465 0.2317251 0.4241465 0.1519452 0.5758476 0.1519452 0.4241465 0.2317251 0.5758476 0.1519452 0.5758506 0.2317264 0.4241465 0.1519452 0.4241494 0 0.5758476 0 0.4241465 0.1519452 0.5758476 0 0.5758476 0.1519452 0.5739873 0.2907347 0.5001319 0.3395554 0.4260098 0.290736 0.06121194 0.4379006 0.09627181 0.3258816 0.1525395 0.33096 0.9374965 0.439109 0.9037223 0.3258816 1 0.3041834 0.7204954 0.3395554 0.7447484 0.3852738 0.6889755 0.3916542 0.6574527 0.443753 0.6565965 0.3964152 0.6889755 0.3916542 0.3433976 0.3964152 0.3110216 0.3916542 0.2794988 0.3395554 0.3425415 0.443753 0.3110216 0.3916542 0.3433976 0.3964152</float_array>
          <technique_common>
            <accessor source="#Mesh_005-mesh-map-0-array" count="930" stride="2">
              <param name="S" type="float"/>
              <param name="T" type="float"/>
            </accessor>
          </technique_common>
        </source>
        <source id="Mesh_005-mesh-colors-Attribute" name="Attribute">
          <float_array id="Mesh_005-mesh-colors-Attribute-array" count="3720">0 0 0 0 0 0 0 0 0 0 0 0 0 0 0 0 0 0 0 0 0 0 0 0 0 0 0 0 0 0 0 0 0 0 0 0 0 0 0 0 0 0 0 0 0 0 0 0 0 0 0 0 0 0 0 0 0 0 0 0 0 0 0 0 0 0 0 0 0 0 0 0 0 0 0 0 0 0 0 0 0 0 0 0 0 0 0 0 0 0 0 0 0 0 0 0 0 0 0 0 0 0 0 0 0 0 0 0 0 0 0 0 0 0 0 0 0 0 0 0 0 0 0 0 0 0 0 0 0 0 0 0 0 0 0 0 0 0 0 0 0 0 0 0 0 0 0 0 0 0 0 0 0 0 0 0 0 0 0 0 0 0 0 0 0 0 0 0 0 0 0 0 0 0 0 0 0 0 0 0 0 0 0 0 0 0 0 0 0 0 0 0 0 0 0 0 0 0 0 0 0 0 0 0 0 0 0 0 0 0 0 0 0 0 0 0 0 0 0 0 0 0 0 0 0 0 0 0 0 0 0 0 0 0 0 0 0 0 0 0 0 0 0 0 0 0 0 0 0 0 0 0 0 0 0 0 0 0 0 0 0 0 0 0 0 0 0 0 0 0 0 0 0 0 0 0 0 0 0 0 0 0 0 0 0 0 0 0 0 0 0 0 0 0 0 0 0 0 0 0 0 0 0 0 0 0 0 0 0 0 0 0 0 0 0 0 0 0 0 0 0 0 0 0 0 0 0 0 0 0 0 0 0 0 0 0 0 0 0 0 0 0 0 0 0 0 0 0 0 0 0 0 0 0 0 0 0 0 0 0 0 0 0 0 0 0 0 0 0 0 0 0 0 0 0 0 0 0 0 0 0 0 0 0 0 0 0 0 0 0 0 0 0 0 0 0 0 0 0 0 0 0 0 0 0 0 0 0 0 0 0 0 0 0 0 0 0 0 0 0 0 0 0 0 0 0 0 0 0 0 0 0 0 0 0 0 0 0 0 0 0 0 0 0 0 0 0 0 0 0 0 0 0 0 0 0 0 0 0 0 0 0 0 0 0 0 0 0 0 0 0 0 0 0 0 0 0 0 0 0 0 0 0 0 0 0 0 0 0 0 0 0 0 0 0 0 0 0 0 0 0 0 0 0 0 0 0 0 0 0 0 0 0 0 0 0 0 0 0 0 0 0 0 0 0 0 0 0 0 0 0 0 0 0 0 0 0 0 0 0 0 0 0 0 0 0 0 0 0 0 0 0 0 0 0 0 0 0 0 0 0 0 0 0 0 0 0 0 0 0 0 0 0 0 0 0 0 0 0 0 0 0 0 0 0 0 0 0 0 0 0 0 0 0 0 0 0 0 0 0 0 0 0 0 0 0 0 0 0 0 0 0 0 0 0 0 0 0 0 0 0 0 0 0 0 0 0 0 0 0 0 0 0 0 0 0 0 0 0 0 0 0 0 0 0 0 0 0 0 0 0 0 0 0 0 0 0 0 0 0 0 0 0 0 0 0 0 0 0 0 0 0 0 0 0 0 0 0 0 0 0 0 0 0 0 0 0 0 0 0 0 0 0 0 0 0 0 0 0 0 0 0 0 0 0 0 0 0 0 0 0 0 0 0 0 0 0 0 0 0 0 0 0 0 0 0 0 0 0 0 0 0 0 0 0 0 0 0 0 0 0 0 0 0 0 0 0 0 0 0 0 0 0 0 0 0 0 0 0 0 0 0 0 0 0 0 0 0 0 0 0 0 0 0 0 0 0 0 0 0 0 0 0 0 0 0 0 0 0 0 0 0 0 0 0 0 0 0 0 0 0 0 0 0 0 0 0 0 0 0 0 0 0 0 0 0 0 0 0 0 0 0 0 0 0 0 0 0 0 0 0 0 0 0 0 0 0 0 0 0 0 0 0 0 0 0 0 0 0 0 0 0 0 0 0 0 0 0 0 0 0 0 0 0 0 0 0 0 0 0 0 0 0 0 0 0 0 0 0 0 0 0 0 0 0 0 0 0 0 0 0 0 0 0 0 0 0 0 0 0 0 0 0 0 0 0 0 0 0 0 0 0 0 0 0 0 0 0 0 0 0 0 0 0 0 0 0 0 0 0 0 0 0 0 0 0 0 0 0 0 0 0 0 0 0 0 0 0 0 0 0 0 0 0 0 0 0 0 0 0 0 0 0 0 0 0 0 0 0 0 0 0 0 0 0 0 0 0 0 0 0 0 0 0 0 0 0 0 0 0 0 0 0 0 0 0 0 0 0 0 0 0 0 0 0 0 0 0 0 0 0 0 0 0 0 0 0 0 0 0 0 0 0 0 0 0 0 0 0 0 0 0 0 0 0 0 0 0 0 0 0 0 0 0 0 0 0 0 0 0 0 0 0 0 0 0 0 0 0 0 0 0 0 0 0 0 0 0 0 0 0 0 0 0 0 0 0 0 0 0 0 0 0 0 0 0 0 0 0 0 0 0 0 0 0 0 0 0 0 0 0 0 0 0 0 0 0 0 0 0 0 0 0 0 0 0 0 0 0 0 0 0 0 0 0 0 0 0 0 0 0 0 0 0 0 0 0 0 0 0 0 0 0 0 0 0 0 0 0 0 0 0 0 0 0 0 0 0 0 0 0 0 0 0 0 0 0 0 0 0 0 0 0 0 0 0 0 0 0 0 0 0 0 0 0 0 0 0 0 0 0 0 0 0 0 0 0 0 0 0 0 0 0 0 0 0 0 0 0 0 0 0 0 0 0 0 0 0 0 0 0 0 0 0 0 0 0 0 0 0 0 0 0 0 0 0 0 0 0 0 0 0 0 0 0 0 0 0 0 0 0 0 0 0 0 0 0 0 0 0 0 0 0 0 0 0 0 0 0 0 0 0 0 0 0 0 0 0 0 0 0 0 0 0 0 0 0 0 0 0 0 0 0 0 0 0 0 0 0 0 0 0 0 0 0 0 0 0 0 0 0 0 0 0 0 0 0 0 0 0 0 0 0 0 0 0 0 0 0 0 0 0 0 0 0 0 0 0 0 0 0 0 0 0 0 0 0 0 0 0 0 0 0 0 0 0 0 0 0 0 0 0 0 0 0 0 0 0 0 0 0 0 0 0 0 0 0 0 0 0 0 0 0 0 0 0 0 0 0 0 0 0 0 0 0 0 0 0 0 0 0 0 0 0 0 0 0 0 0 0 0 0 0 0 0 0 0 0 0 0 0 0 0 0 0 0 0 0 0 0 0 0 0 0 0 0 0 0 0 0 0 0 0 0 0 0 0 0 0 0 0 0 0 0 0 0 0 0 0 0 0 0 0 0 0 0 0 0 0 0 0 0 0 0 0 0 0 0 0 0 0 0 0 0 0 0 0 0 0 0 0 0 0 0 0 0 0 0 0 0 0 0 0 0 0 0 0 0 0 0 0 0 0 0 0 0 0 0 0 0 0 0 0 0 0 0 0 0 0 0 0 0 0 0 0 0 0 0 0 0 0 0 0 0 0 0 0 0 0 0 0 0 0 0 0 0 0 0 0 0 0 0 0 0 0 0 0 0 0 0 0 0 0 0 0 0 0 0 0 0 0 0 0 0 0 0 0 0 0 0 0 0 0 0 0 0 0 0 0 0 0 0 0 0 0 0 0 0 0 0 0 0 0 0 0 0 0 0 0 0 0 0 0 0 0 0 0 0 0 0 0 0 0 0 0 0 0 0 0 0 0 0 0 0 0 0 0 0 0 0 0 0 0 0 0 0 0 0 0 0 0 0 0 0 0 0 0 0 0 0 0 0 0 0 0 0 0 0 0 0 0 0 0 0 0 0 0 0 0 0 0 0 0 0 0 0 0 0 0 0 0 0 0 0 0 0 0 0 0 0 0 0 0 0 0 0 0 0 0 0 0 0 0 0 0 0 0 0 0 0 0 0 0 0 0 0 0 0 0 0 0 0 0 0 0 0 0 0 0 0 0 0 0 0 0 0 0 0 0 0 0 0 0 0 0 0 0 0 0 0 0 0 0 0 0 0 0 0 0 0 0 0 0 0 0 0 0 0 0 0 0 0 0 0 0 0 0 0 0 0 0 0 0 0 0 0 0 0 0 0 0 0 0 0 0 0 0 0 0 0 0 0 0 0 0 0 0 0 0 0 0 0 0 0 0 0 0 0 0 0 0 0 0 0 0 0 0 0 0 0 0 0 0 0 0 0 0 0 0 0 0 0 0 0 0 0 0 0 0 0 0 0 0 0 0 0 0 0 0 0 0 0 0 0 0 0 0 0 0 0 0 0 0 0 0 0 0 0 0 0 0 0 0 0 0 0 0 0 0 0 0 0 0 0 0 0 0 0 0 0 0 0 0 0 0 0 0 0 0 0 0 0 0 0 0 0 0 0 0 0 0 0 0 0 0 0 0 0 0 0 0 0 0 0 0 0 0 0 0 0 0 0 0 0 0 0 0 0 0 0 0 0 0 0 0 0 0 0 0 0 0 0 0 0 0 0 0 0 0 0 0 0 0 0 0 0 0 0 0 0 0 0 0 0 0 0 0 0 0 0 0 0 0 0 0 0 0 0 0 0 0 0 0 0 0 0 0 0 0 0 0 0 0 0 0 0 0 0 0 0 0 0 0 0 0 0 0 0 0 0 0 0 0 0 0 0 0 0 0 0 0 0 0 0 0 0 0 0 0 0 0 0 0 0 0 0 0 0 0 0 0 0 0 0 0 0 0 0 0 0 0 0 0 0 0 0 0 0 0 0 0 0 0 0 0 0 0 0 0 0 0 0 0 0 0 0 0 0 0 0 0 0 0 0 0 0 0 0 0 0 0 0 0 0 0 0 0 0 0 0 0 0 0 0 0 0 0 0 0 0 0 0 0 0 0 0 0 0 0 0 0 0 0 0 0 0 0 0 0 0 0 0 0 0 0 0 0 0 0 0 0 0 0 0 0 0 0 0 0 0 0 0 0 0 0 0 0 0 0 0 0 0 0 0 0 0 0 0 0 0 0 0 0 0 0 0 0 0 0 0 0 0 0 0 0 0 0 0 0 0 0 0 0 0 0 0 0 0 0 0 0 0 0 0 0 0 0 0 0 0 0 0 0 0 0 0 0 0 0 0 0 0 0 0 0 0 0 0 0 0 0 0 0 0 0 0 0 0 0 0 0 0 0 0 0 0 0 0 0 0 0 0 0 0 0 0 0 0 0 0 0 0 0 0 0 0 0 0 0 0 0 0 0 0 0 0 0 0 0 0 0 0 0 0 0 0 0 0 0 0 0 0 0 0 0 0 0 0 0 0 0 0 0 0 0 0 0 0 0 0 0 0 0 0 0 0 0 0 0 0 0 0 0 0 0 0 0 0 0 0 0 0 0 0 0 0 0 0 0 0 0 0 0 0 0 0 0 0 0 0 0 0 0 0 0 0 0 0 0 0 0 0 0 0 0 0 0 0 0 0 0 0 0 0 0 0 0 0 0 0 0 0 0 0 0 0 0 0 0 0 0 0 0 0 0 0 0 0 0 0 0 0 0 0 0 0 0 0 0 0 0 0 0 0 0 0 0 0 0 0 0 0 0 0 0 0 0 0 0 0 0 0 0 0 0 0 0 0 0 0 0 0 0 0 0 0 0 0 0 0 0 0 0 0 0 0 0 0 0 0 0 0 0 0 0 0 0 0 0 0 0 0 0 0 0 0 0 0 0 0 0 0 0 0 0 0 0 0 0 0 0 0 0 0 0 0 0 0 0 0 0 0 0 0 0 0 0 0 0 0 0 0 0 0 0 0 0 0 0 0 0 0 0 0 0 0 0 0 0 0 0 0 0 0 0 0 0 0 0 0 0 0 0 0 0 0 0 0 0 0 0 0 0 0 0 0 0 0 0 0 0 0 0 0 0 0 0 0 0 0 0 0 0 0 0 0 0 0 0 0 0 0 0 0 0 0 0 0 0 0 0 0 0 0 0 0 0 0 0 0 0 0 0 0 0 0 0 0 0 0 0 0 0 0 0 0 0 0 0 0 0 0 0 0 0 0 0 0 0 0 0 0 0 0 0 0 0 0 0 0 0 0 0 0 0 0 0 0 0 0 0 0 0 0 0 0 0 0 0 0 0 0 0 0 0 0 0 0 0 0 0 0 0 0 0 0 0 0 0 0 0 0 0 0 0 0 0 0 0 0 0 0 0 0 0 0 0 0 0 0 0 0 0 0 0 0 0 0 0 0 0 0 0 0 0 0 0 0 0 0 0 0 0 0 0 0 0 0 0 0 0 0 0 0 0 0 0 0 0 0 0 0 0 0 0 0 0 0 0 0 0 0 0 0 0 0 0 0 0 0 0 0 0 0 0 0 0 0 0 0 0 0 0 0 0 0 0 0 0 0 0 0 0 0 0 0 0 0 0 0 0 0 0 0 0 0 0 0 0 0 0 0 0 0 0 0 0 0 0 0 0 0 0 0 0 0 0 0 0 0 0 0 0 0 0 0 0 0 0 0 0 0 0 0 0 0 0 0 0 0 0 0 0 0 0 0 0 0 0 0 0 0 0 0 0 0 0 0 0 0 0 0 0 0 0 0 0 0 0 0 0 0 0 0 0 0 0 0 0 0 0 0 0 0 0 0 0 0 0 0 0 0 0 0 0 0 0 0 0 0 0 0 0 0 0 0 0 0 0 0 0 0 0 0 0 0 0 0 0 0 0 0 0 0 0 0 0 0 0 0 0 0 0 0 0 0 0 0 0 0 0 0 0 0 0 0 0 0 0 0 0 0 0 0 0 0 0 0 0 0 0 0 0 0 0 0 0 0 0 0 0 0 0 0 0 0 0 0 0 0 0 0 0 0 0 0 0 0 0 0 0 0 0 0 0 0 0 0 0 0 0 0 0 0 0 0 0 0 0 0 0 0 0 0 0 0 0 0 0 0 0 0 0 0 0 0 0 0 0 0 0 0 0 0 0 0 0 0 0 0 0 0 0 0 0 0 0 0 0 0 0 0 0 0 0 0 0 0 0 0 0 0 0 0 0 0 0 0 0 0 0 0 0 0 0 0 0 0 0 0 0 0 0 0 0 0 0 0 0 0 0 0 0 0 0 0 0 0 0 0 0 0 0 0 0 0 0 0 0 0 0 0 0 0 0 0 0 0 0 0 0 0 0 0 0 0 0 0 0 0 0 0 0 0 0 0 0 0 0 0 0 0 0 0 0 0 0 0 0 0 0 0 0 0 0 0 0 0 0 0 0 0 0 0 0 0 0 0 0 0 0 0 0 0 0 0 0 0 0 0 0 0 0 0 0 0 0 0 0 0 0 0 0 0 0 0 0 0 0 0 0 0 0 0 0 0 0 0 0 0 0 0 0 0 0 0 0 0 0 0 0 0 0 0 0 0 0 0 0 0 0 0 0 0 0 0 0 0 0 0 0 0 0 0 0 0 0 0 0 0 0 0 0 0 0 0 0 0 0 0 0 0 0 0 0 0 0 0 0 0 0 0 0 0 0 0 0 0 0 0 0 0 0 0 0 0 0 0 0 0 0 0 0 0 0 0 0 0 0 0 0 0 0 0 0 0 0 0 0 0 0 0 0 0 0 0 0 0 0 0 0 0 0 0 0 0 0 0 0 0 0 0 0 0 0 0 0 0 0 0 0 0 0 0 0 0 0 0 0 0 0 0 0 0 0 0 0 0 0 0 0 0 0 0 0 0 0 0 0 0 0 0 0 0 0 0 0 0 0 0 0 0 0 0 0 0 0 0 0 0 0 0 0 0 0 0 0 0 0 0 0 0 0 0 0 0 0 0 0 0 0 0 0 0 0 0 0 0 0 0 0 0 0 0 0 0 0 0 0 0 0 0 0 0 0 0 0 0 0 0 0 0 0 0 0 0 0 0 0 0 0 0 0 0 0 0 0 0 0 0 0 0 0 0 0 0 0 0 0 0 0 0 0 0 0 0 0 0 0 0 0 0 0 0 0 0 0 0 0 0 0 0 0 0 0 0 0 0 0 0 0 0 0 0 0 0 0 0 0 0 0 0 0 0 0 0 0 0 0 0 0 0 0 0 0 0 0 0 0 0 0 0 0 0 0 0 0 0 0 0 0 0 0 0 0 0 0 0 0 0 0 0 0 0 0 0 0 0 0 0 0 0 0 0 0 0 0 0 0 0 0 0 0 0 0 0 0 0 0 0 0 0 0 0 0 0 0 0 0 0 0 0 0 0 0 0 0 0 0 0 0 0 0 0 0 0 0 0 0 0 0 0 0 0 0 0 0 0 0 0 0 0 0 0 0 0 0 0 0 0 0 0 0 0 0 0 0 0 0 0 0 0 0 0 0 0 0 0 0 0 0 0 0 0 0 0 0 0 0 0 0 0 0 0 0 0 0 0 0 0 0 0 0 0 0 0 0 0 0 0</float_array>
          <technique_common>
            <accessor source="#Mesh_005-mesh-colors-Attribute-array" count="930" stride="4">
              <param name="R" type="float"/>
              <param name="G" type="float"/>
              <param name="B" type="float"/>
              <param name="A" type="float"/>
            </accessor>
          </technique_common>
        </source>
        <vertices id="Mesh_005-mesh-vertices">
          <input semantic="POSITION" source="#Mesh_005-mesh-positions"/>
        </vertices>
        <triangles material="BGLSPIKE-material" count="2">
          <input semantic="VERTEX" source="#Mesh_005-mesh-vertices" offset="0"/>
          <input semantic="NORMAL" source="#Mesh_005-mesh-normals" offset="1"/>
          <input semantic="TEXCOORD" source="#Mesh_005-mesh-map-0" offset="2" set="0"/>
          <input semantic="COLOR" source="#Mesh_005-mesh-colors-Attribute" offset="3" set="0"/>
          <p>108 169 450 450 109 170 451 451 110 171 452 452 108 169 453 453 110 171 454 454 111 172 455 455</p>
        </triangles>
        <triangles material="BGLUNDER-material" count="16">
          <input semantic="VERTEX" source="#Mesh_005-mesh-vertices" offset="0"/>
          <input semantic="NORMAL" source="#Mesh_005-mesh-normals" offset="1"/>
          <input semantic="TEXCOORD" source="#Mesh_005-mesh-map-0" offset="2" set="0"/>
          <input semantic="COLOR" source="#Mesh_005-mesh-colors-Attribute" offset="3" set="0"/>
          <p>75 91 216 216 3 92 217 217 84 93 218 218 82 94 219 219 5 95 220 220 83 96 221 221 5 95 222 222 82 94 223 223 84 93 224 224 84 93 225 225 3 92 226 226 5 95 227 227 73 97 228 228 72 98 229 229 71 99 230 230 71 99 231 231 70 100 232 232 73 97 233 233 72 98 234 234 23 101 235 235 71 99 236 236 71 99 237 237 23 101 238 238 22 102 239 239 86 103 240 240 11 104 241 241 6 105 242 242 19 106 243 243 87 107 244 244 16 108 245 245 86 103 246 246 6 105 247 247 87 107 248 248 87 107 249 249 19 106 250 250 86 103 251 251 37 109 252 252 36 110 253 253 35 111 254 254 37 109 255 255 35 111 256 256 30 112 257 257 40 113 258 258 44 114 259 259 43 115 260 260 40 113 261 261 43 115 262 262 46 116 263 263</p>
        </triangles>
        <triangles material="DRSKY-material" count="10">
          <input semantic="VERTEX" source="#Mesh_005-mesh-vertices" offset="0"/>
          <input semantic="NORMAL" source="#Mesh_005-mesh-normals" offset="1"/>
          <input semantic="TEXCOORD" source="#Mesh_005-mesh-map-0" offset="2" set="0"/>
          <input semantic="COLOR" source="#Mesh_005-mesh-colors-Attribute" offset="3" set="0"/>
          <p>48 47 108 108 49 48 109 109 50 49 110 110 50 49 111 111 49 48 112 112 51 50 113 113 50 49 114 114 51 50 115 115 52 51 116 116 53 52 117 117 48 47 118 118 50 49 119 119 54 53 120 120 55 54 121 121 56 55 122 122 57 56 123 123 55 54 124 124 54 53 125 125 58 57 126 126 57 56 127 127 54 53 128 128 54 53 129 129 56 55 130 130 59 58 131 131 52 51 132 132 51 50 133 133 57 56 134 134 57 56 135 135 58 57 136 136 52 51 137 137</p>
        </triangles>
        <triangles material="MURKHW-material" count="36">
          <input semantic="VERTEX" source="#Mesh_005-mesh-vertices" offset="0"/>
          <input semantic="NORMAL" source="#Mesh_005-mesh-normals" offset="1"/>
          <input semantic="TEXCOORD" source="#Mesh_005-mesh-map-0" offset="2" set="0"/>
          <input semantic="COLOR" source="#Mesh_005-mesh-colors-Attribute" offset="3" set="0"/>
          <p>0 0 0 0 1 1 1 1 2 2 2 2 3 3 3 3 4 4 4 4 5 5 5 5 6 6 6 6 7 7 7 7 8 8 8 8 9 9 9 9 10 10 10 10 11 11 11 11 6 6 12 12 11 11 13 13 7 7 14 14 7 7 15 15 11 11 16 16 10 10 17 17 1 1 18 18 12 12 19 19 2 2 20 20 2 2 21 21 12 12 22 22 13 13 23 23 13 13 24 24 12 12 25 25 14 14 26 26 13 13 27 27 14 14 28 28 15 15 29 29 10 10 30 30 15 15 31 31 14 14 32 32 10 10 33 33 14 14 34 34 7 7 35 35 3 3 36 36 2 2 37 37 4 4 38 38 3 3 39 39 0 0 40 40 2 2 41 41 16 16 42 42 17 17 43 43 18 18 44 44 19 19 45 45 16 16 46 46 18 18 47 47 17 17 48 48 16 16 49 49 20 20 50 50 21 20 51 51 19 19 52 52 18 18 53 53 22 21 54 54 23 22 55 55 24 23 56 56 22 21 57 57 24 23 58 58 25 24 59 59 25 24 60 60 24 23 61 61 26 25 62 62 25 24 63 63 26 25 64 64 27 26 65 65 27 26 66 66 26 25 67 67 28 27 68 68 28 27 69 69 29 28 70 70 27 26 71 71 17 17 72 72 29 28 73 73 28 27 74 74 17 17 75 75 28 27 76 76 18 18 77 77 30 29 78 78 31 30 79 79 32 31 80 80 33 32 81 81 34 33 82 82 35 34 83 83 35 34 84 84 36 35 85 85 33 32 86 86 37 36 87 87 32 31 88 88 38 37 89 89 32 31 90 90 37 36 91 91 30 29 92 92 36 35 93 93 39 38 94 94 33 32 95 95 40 39 96 96 41 40 97 97 42 41 98 98 43 42 99 99 44 43 100 100 45 44 101 101 41 40 102 102 40 39 103 103 46 45 104 104 44 43 105 105 47 46 106 106 45 44 107 107</p>
        </triangles>
        <triangles material="YELEBOT-material" count="14">
          <input semantic="VERTEX" source="#Mesh_005-mesh-vertices" offset="0"/>
          <input semantic="NORMAL" source="#Mesh_005-mesh-normals" offset="1"/>
          <input semantic="TEXCOORD" source="#Mesh_005-mesh-map-0" offset="2" set="0"/>
          <input semantic="COLOR" source="#Mesh_005-mesh-colors-Attribute" offset="3" set="0"/>
          <p>60 59 138 138 61 60 139 139 62 61 140 140 62 62 141 141 63 63 142 142 64 64 143 143 65 65 144 144 66 66 145 145 67 67 146 146 68 68 147 147 69 69 148 148 65 70 149 149 65 70 150 150 69 69 151 151 63 63 152 152 63 63 153 153 62 62 154 154 65 70 155 155 66 66 156 156 62 61 157 157 61 60 158 158 62 61 159 159 66 66 160 160 65 65 161 161 63 71 162 162 70 72 163 163 71 73 164 164 63 71 165 165 71 73 166 166 64 74 167 167 72 75 168 168 73 76 169 169 69 77 170 170 68 78 171 171 72 75 172 172 69 77 173 173 69 77 174 174 73 76 175 175 70 72 176 176 70 72 177 177 63 71 178 178 69 77 179 179</p>
        </triangles>
        <triangles material="YELENOSE-material" count="12">
          <input semantic="VERTEX" source="#Mesh_005-mesh-vertices" offset="0"/>
          <input semantic="NORMAL" source="#Mesh_005-mesh-normals" offset="1"/>
          <input semantic="TEXCOORD" source="#Mesh_005-mesh-map-0" offset="2" set="0"/>
          <input semantic="COLOR" source="#Mesh_005-mesh-colors-Attribute" offset="3" set="0"/>
          <p>74 79 180 180 75 80 181 181 76 81 182 182 76 81 183 183 77 82 184 184 74 79 185 185 78 83 186 186 79 84 187 187 80 85 188 188 81 86 189 189 82 87 190 190 83 88 191 191 81 86 192 192 80 85 193 193 77 82 194 194 76 81 195 195 84 89 196 196 82 87 197 197 78 83 198 198 80 85 199 199 81 86 200 200 81 86 201 201 83 88 202 202 78 83 203 203 81 86 204 204 77 82 205 205 76 81 206 206 75 80 207 207 84 89 208 208 76 81 209 209 76 81 210 210 82 87 211 211 81 86 212 212 77 82 213 213 85 90 214 214 74 79 215 215</p>
        </triangles>
        <triangles material="YELESIDE-material" count="62">
          <input semantic="VERTEX" source="#Mesh_005-mesh-vertices" offset="0"/>
          <input semantic="NORMAL" source="#Mesh_005-mesh-normals" offset="1"/>
          <input semantic="TEXCOORD" source="#Mesh_005-mesh-map-0" offset="2" set="0"/>
          <input semantic="COLOR" source="#Mesh_005-mesh-colors-Attribute" offset="3" set="0"/>
          <p>88 117 264 264 89 118 265 265 7 119 266 266 7 119 267 267 14 120 268 268 88 117 269 269 90 121 270 270 88 117 271 271 14 120 272 272 14 120 273 273 12 122 274 274 90 121 275 275 85 90 276 276 90 121 277 277 12 122 278 278 3 123 279 279 75 80 280 280 0 124 281 281 74 79 282 282 85 90 283 283 1 125 284 284 85 90 285 285 12 122 286 286 1 125 287 287 29 126 288 288 17 127 289 289 91 128 290 290 91 128 291 291 92 129 292 292 29 126 293 293 27 130 294 294 29 126 295 295 92 129 296 296 92 129 297 297 93 131 298 298 27 130 299 299 25 132 300 300 27 130 301 301 93 131 302 302 93 131 303 303 94 133 304 304 25 132 305 305 20 134 306 306 16 135 307 307 95 136 308 308 8 137 309 309 87 138 310 310 6 139 311 311 96 140 312 312 97 141 313 313 91 128 314 314 96 140 315 315 8 137 316 316 7 119 317 317 20 134 318 318 96 140 319 319 17 127 320 320 96 140 321 321 95 136 322 322 8 137 323 323 96 140 324 324 7 119 325 325 89 118 326 326 17 127 327 327 96 140 328 328 91 128 329 329 22 142 330 330 25 132 331 331 94 133 332 332 64 74 333 333 71 73 334 334 22 142 335 335 94 133 336 336 64 74 337 337 22 142 338 338 95 136 339 339 16 135 340 340 87 138 341 341 96 140 342 342 20 134 343 343 95 136 344 344 87 138 345 345 8 137 346 346 95 136 347 347 96 140 348 348 89 118 349 349 97 141 350 350 74 79 351 351 1 125 352 352 0 124 353 353 0 124 354 354 75 80 355 355 74 79 356 356 98 143 357 357 99 144 358 358 100 145 359 359 10 146 360 360 9 147 361 361 100 145 362 362 101 148 363 363 9 147 364 364 86 149 365 365 18 150 366 366 100 145 367 367 21 151 368 368 86 149 369 369 19 152 370 370 101 148 371 371 101 148 372 372 21 151 373 373 100 145 374 374 99 144 375 375 10 146 376 376 100 145 377 377 10 146 378 378 99 144 379 379 102 153 380 380 102 153 381 381 15 154 382 382 10 146 383 383 15 154 384 384 102 153 385 385 103 155 386 386 103 155 387 387 13 156 388 388 15 154 389 389 13 156 390 390 103 155 391 391 79 84 392 392 4 157 393 393 2 158 394 394 78 83 395 395 78 83 396 396 83 88 397 397 4 157 398 398 2 158 399 399 13 156 400 400 79 84 401 401 104 159 402 402 100 145 403 403 18 150 404 404 104 159 405 405 18 150 406 406 28 160 407 407 28 160 408 408 105 161 409 409 104 159 410 410 105 161 411 411 28 160 412 412 26 162 413 413 26 162 414 414 106 163 415 415 105 161 416 416 106 163 417 417 26 162 418 418 24 164 419 419 24 164 420 420 107 165 421 421 106 163 422 422 23 166 423 423 72 75 424 424 68 78 425 425 23 166 426 426 68 78 427 427 107 165 428 428 107 165 429 429 24 164 430 430 23 166 431 431 11 167 432 432 86 149 433 433 9 147 434 434 101 148 435 435 19 152 436 436 21 151 437 437 9 147 438 438 101 148 439 439 100 145 440 440 104 159 441 441 98 143 442 442 100 145 443 443 4 157 444 444 83 88 445 445 5 168 446 446 2 158 447 447 79 84 448 448 78 83 449 449</p>
        </triangles>
        <triangles material="YELETOP-material" count="158">
          <input semantic="VERTEX" source="#Mesh_005-mesh-vertices" offset="0"/>
          <input semantic="NORMAL" source="#Mesh_005-mesh-normals" offset="1"/>
          <input semantic="TEXCOORD" source="#Mesh_005-mesh-map-0" offset="2" set="0"/>
          <input semantic="COLOR" source="#Mesh_005-mesh-colors-Attribute" offset="3" set="0"/>
          <p>112 173 456 456 113 174 457 457 97 141 458 458 97 141 459 459 89 118 460 460 114 175 461 461 115 176 462 462 114 175 463 463 89 118 464 464 116 177 465 465 88 117 466 466 90 121 467 467 90 121 468 468 117 178 469 469 116 177 470 470 115 176 471 471 116 177 472 472 118 179 473 473 118 179 474 474 116 177 475 475 117 178 476 476 117 178 477 477 119 180 478 478 118 179 479 479 77 82 480 480 120 181 481 481 119 182 482 482 120 181 483 483 118 183 484 484 119 182 485 485 120 181 486 486 121 184 487 487 118 183 488 488 77 82 489 489 90 121 490 490 85 90 491 491 117 178 492 492 90 121 493 493 77 82 494 494 119 180 495 495 117 178 496 496 77 82 497 497 115 176 498 498 89 118 499 499 88 117 500 500 88 117 501 501 116 177 502 502 115 176 503 503 122 185 504 504 123 186 505 505 124 187 506 506 115 188 507 507 118 183 508 508 49 189 509 509 51 190 510 510 118 183 511 511 121 184 512 512 112 191 513 513 114 192 514 514 125 193 515 515 126 194 516 516 127 195 517 517 128 196 518 518 129 197 519 519 92 129 520 520 113 174 521 521 128 196 522 522 130 198 523 523 131 199 524 524 132 200 525 525 93 131 526 526 129 197 527 527 133 201 528 528 94 133 529 529 132 200 530 530 62 62 531 531 64 64 532 532 133 202 533 533 97 141 534 534 114 175 535 535 112 173 536 536 92 129 537 537 91 128 538 538 113 174 539 539 127 195 540 540 130 198 541 541 128 196 542 542 93 131 543 543 92 129 544 544 129 197 545 545 94 133 546 546 93 131 547 547 132 200 548 548 131 199 549 549 60 59 550 550 133 201 551 551 64 64 552 552 94 203 553 553 133 202 554 554 126 194 555 555 113 174 556 556 112 173 557 557 112 173 558 558 127 195 559 559 126 194 560 560 129 197 561 561 113 174 562 562 126 194 563 563 126 194 564 564 128 196 565 565 129 197 566 566 131 199 567 567 132 200 568 568 129 197 569 569 129 197 570 570 128 196 571 571 131 199 572 572 132 200 573 573 131 199 574 574 133 201 575 575 60 59 576 576 62 61 577 577 133 201 578 578 114 192 579 579 115 188 580 580 48 204 581 581 49 189 582 582 48 204 583 583 115 188 584 584 125 193 585 585 48 204 586 586 124 187 587 587 124 205 588 588 127 195 589 589 125 206 590 590 124 205 591 591 123 207 592 592 127 195 593 593 48 204 594 594 122 185 595 595 124 187 596 596 125 193 597 597 114 192 598 598 48 204 599 599 127 195 600 600 112 173 601 601 125 206 602 602 51 190 603 603 121 184 604 604 57 208 605 605 49 189 606 606 118 183 607 607 51 190 608 608 134 209 609 609 130 198 610 610 127 195 611 611 127 195 612 612 123 207 613 613 134 209 614 614 135 210 615 615 131 199 616 616 130 198 617 617 130 198 618 618 134 209 619 619 135 210 620 620 61 60 621 621 60 59 622 622 131 199 623 623 131 199 624 624 135 210 625 625 61 60 626 626 136 211 627 627 134 209 628 628 123 207 629 629 123 207 630 630 137 212 631 631 136 211 632 632 138 213 633 633 135 210 634 634 134 209 635 635 134 209 636 636 136 211 637 637 138 213 638 638 135 210 639 639 138 213 640 640 61 60 641 641 139 214 642 642 140 215 643 643 141 216 644 644 142 217 645 645 122 185 646 646 143 218 647 647 122 185 648 648 53 219 649 649 139 214 650 650 140 220 651 651 50 221 652 652 52 222 653 653 52 222 654 654 141 223 655 655 140 220 656 656 141 216 657 657 52 224 658 658 143 218 659 659 139 214 660 660 141 216 661 661 143 218 662 662 50 225 663 663 140 215 664 664 139 214 665 665 143 218 666 666 122 185 667 667 139 214 668 668 122 185 669 669 142 217 670 670 123 186 671 671 137 226 672 672 123 186 673 673 142 217 674 674 144 227 675 675 145 228 676 676 98 143 677 677 104 159 678 678 146 229 679 679 98 143 680 680 99 144 681 681 145 228 682 682 147 230 683 683 147 230 684 684 148 231 685 685 102 153 686 686 102 153 687 687 148 231 688 688 103 155 689 689 148 231 690 690 149 232 691 691 103 155 692 692 80 85 693 693 79 84 694 694 103 155 695 695 121 233 696 696 148 231 697 697 147 230 698 698 149 232 699 699 148 231 700 700 121 233 701 701 121 233 702 702 120 234 703 703 149 232 704 704 103 155 705 705 149 232 706 706 80 85 707 707 80 85 708 708 149 232 709 709 120 234 710 710 80 85 711 711 120 181 712 712 77 82 713 713 102 153 714 714 99 144 715 715 147 230 716 716 150 235 717 717 151 236 718 718 152 237 719 719 55 238 720 720 121 184 721 721 147 239 722 722 153 240 723 723 145 241 724 724 144 242 725 725 154 243 726 726 155 244 727 727 156 245 728 728 146 229 729 729 105 161 730 730 157 246 731 731 158 247 732 732 159 248 733 733 154 243 734 734 157 246 735 735 106 163 736 736 160 249 737 737 160 249 738 738 107 165 739 739 161 250 740 740 161 251 741 741 68 68 742 742 65 70 743 743 145 228 744 744 99 144 745 745 98 143 746 746 146 229 747 747 104 159 748 748 105 161 749 749 154 243 750 750 159 248 751 751 155 244 752 752 157 246 753 753 105 161 754 754 106 163 755 755 160 249 756 756 106 163 757 757 107 165 758 758 161 251 759 759 107 252 760 760 68 68 761 761 144 227 762 762 146 229 763 763 156 245 764 764 156 245 765 765 155 244 766 766 144 227 767 767 156 245 768 768 146 229 769 769 157 246 770 770 157 246 771 771 154 243 772 772 156 245 773 773 157 246 774 774 160 249 775 775 158 247 776 776 158 247 777 777 154 243 778 778 157 246 779 779 160 249 780 780 161 250 781 781 67 67 782 782 67 67 783 783 158 247 784 784 160 249 785 785 161 250 786 786 65 65 787 787 67 67 788 788 56 253 789 789 147 239 790 790 145 241 791 791 147 239 792 792 56 253 793 793 55 238 794 794 150 235 795 795 56 253 796 796 153 240 797 797 153 254 798 798 155 244 799 799 150 255 800 800 155 244 801 801 151 256 802 802 150 255 803 803 150 235 804 804 152 237 805 805 56 253 806 806 56 253 807 807 145 241 808 808 153 240 809 809 153 254 810 810 144 227 811 811 155 244 812 812 57 208 813 813 121 184 814 814 55 238 815 815 155 244 816 816 159 248 817 817 162 257 818 818 162 257 819 819 151 256 820 820 155 244 821 821 159 248 822 822 158 247 823 823 163 258 824 824 163 258 825 825 162 257 826 826 159 248 827 827 158 247 828 828 67 67 829 829 66 66 830 830 66 66 831 831 163 258 832 832 158 247 833 833 151 256 834 834 162 257 835 835 164 259 836 836 164 259 837 837 165 260 838 838 151 256 839 839 162 257 840 840 163 258 841 841 166 261 842 842 166 261 843 843 164 259 844 844 162 257 845 845 66 66 846 846 166 261 847 847 163 258 848 848 167 262 849 849 168 263 850 850 169 264 851 851 170 265 852 852 152 237 853 853 142 217 854 854 59 266 855 855 56 253 856 856 152 237 857 857 171 267 858 858 54 268 859 859 168 269 860 860 168 269 861 861 167 270 862 862 171 267 863 863 170 265 864 864 171 271 865 865 167 262 866 866 170 265 867 867 167 262 868 868 169 264 869 869 169 264 870 870 168 263 871 871 54 272 872 872 169 264 873 873 152 237 874 874 170 265 875 875 151 236 876 876 142 217 877 877 152 237 878 878 142 217 879 879 151 236 880 880 165 273 881 881 143 218 882 882 170 265 883 883 142 217 884 884 143 218 885 885 52 224 886 886 171 271 887 887 143 218 888 888 171 271 889 889 170 265 890 890 165 260 891 891 164 259 892 892 136 211 893 893 165 260 894 894 136 211 895 895 137 212 896 896 164 259 897 897 166 261 898 898 138 213 899 899 164 259 900 900 138 213 901 901 136 211 902 902 166 261 903 903 66 66 904 904 61 60 905 905 166 261 906 906 61 60 907 907 138 213 908 908 137 226 909 909 142 217 910 910 165 273 911 911 98 143 912 912 146 229 913 913 144 227 914 914 97 141 915 915 113 174 916 916 91 128 917 917 122 185 918 918 48 204 919 919 53 219 920 920 50 225 921 921 139 214 922 922 53 219 923 923 169 264 924 924 59 266 925 925 152 237 926 926 54 272 927 927 59 266 928 928 169 264 929 929</p>
        </triangles>
      </mesh>
    </geometry>
    <geometry id="Mesh_009-mesh" name="Mesh.009">
      <mesh>
        <source id="Mesh_009-mesh-positions">
          <float_array id="Mesh_009-mesh-positions-array" count="48">0.04774475 -0.07058715 -0.02906799 0.04774475 -0.07046508 0.02935791 -0.04774469 -0.07046508 0.02935791 -0.04774469 -0.07058715 -0.02906799 0.04774475 -0.02906799 0.07058715 -0.04774475 -0.02906799 0.07058715 0.04774475 0.02935791 0.07046508 -0.04774475 0.02935785 0.07046508 0.04774469 0.07058715 0.02906799 -0.04774475 0.07058715 0.02906799 0.04774469 0.07046508 -0.02935791 -0.04774475 0.07046508 -0.02935791 0.04774475 0.02906799 -0.07058715 -0.04774475 0.02906799 -0.07058715 0.04774475 -0.02935785 -0.07046508 -0.04774475 -0.02935791 -0.07046508</float_array>
          <technique_common>
            <accessor source="#Mesh_009-mesh-positions-array" count="16" stride="3">
              <param name="X" type="float"/>
              <param name="Y" type="float"/>
              <param name="Z" type="float"/>
            </accessor>
          </technique_common>
        </source>
        <source id="Mesh_009-mesh-normals">
          <float_array id="Mesh_009-mesh-normals-array" count="96">1.42358e-7 -0.9680477 -0.2507661 1.32799e-7 -0.861833 0.5071924 1.35747e-7 -0.9670056 0.2547554 1.49957e-7 -0.8639141 -0.5036392 0 -0.250766 0.9680477 0 -0.5036392 0.8639141 0 0.5071924 0.861833 0 0.2547554 0.9670056 -1.42358e-7 0.9680477 0.2507661 -1.49957e-7 0.8639141 0.5036392 -1.32799e-7 0.861833 -0.5071924 -1.35747e-7 0.9670056 -0.2547554 0 0.2507661 -0.9680478 0 0.5036394 -0.8639141 0 -0.5071924 -0.8618329 0 -0.2547554 -0.9670056 -1 -1.74086e-7 0 -1 -2.31926e-7 0 -1 -1.9293e-7 0 -1 -1.55249e-7 0 -1 -1.69514e-7 0 -1 -1.77313e-7 0 -1 0 0 -1 -1.9293e-7 0 1 1.77983e-7 0 1 2.31931e-7 0 1 1.92907e-7 0 1 1.92921e-7 0 1 1.41261e-7 0 1 1.28614e-7 0 1 1.65336e-7 0 1 1.92907e-7 0</float_array>
          <technique_common>
            <accessor source="#Mesh_009-mesh-normals-array" count="32" stride="3">
              <param name="X" type="float"/>
              <param name="Y" type="float"/>
              <param name="Z" type="float"/>
            </accessor>
          </technique_common>
        </source>
        <source id="Mesh_009-mesh-map-0">
          <float_array id="Mesh_009-mesh-map-0-array" count="168">0 0.7059015 8.64685e-4 0.292045 8.64685e-4 0.292045 0 0.7059015 8.64685e-4 0.292045 0 0.7059015 8.64685e-4 0.292045 0.2940986 0 0.2940986 0 8.64685e-4 0.292045 0.2940986 0 8.64685e-4 0.292045 0.2940986 0 0.707955 8.64685e-4 0.707955 8.64685e-4 0.2940986 0 0.707955 8.64685e-4 0.2940986 0 0.707955 8.64685e-4 1 0.2940986 1 0.2940986 0.707955 8.64685e-4 1 0.2940986 0.707955 8.64685e-4 1 0.2940986 0.9991353 0.707955 0.9991353 0.707955 1 0.2940986 0.9991353 0.707955 1 0.2940986 0.9991353 0.707955 0.7059015 1 0.7059015 1 0.9991353 0.707955 0.7059015 1 0.9991353 0.707955 0.7059015 1 0.2920449 0.9991353 0.2920449 0.9991353 0.7059015 1 0.2920449 0.9991353 0.7059015 1 0.2920449 0.9991353 0 0.7059015 0 0.7059015 0.2920449 0.9991353 0 0.7059015 0.2920449 0.9991353 0.7059015 1 1 0.2940986 0.9991353 0.707955 0.7059015 1 0.707955 8.64685e-4 1 0.2940986 0.7059015 1 0.2940986 0 0.707955 8.64685e-4 0.7059015 1 8.64685e-4 0.292045 0.2940986 0 0.7059015 1 0 0.7059015 8.64685e-4 0.292045 0.7059015 1 0.2920449 0.9991353 0 0.7059015 8.64685e-4 0.292045 0.707955 8.64685e-4 0.2940986 0 8.64685e-4 0.292045 1 0.2940986 0.707955 8.64685e-4 8.64685e-4 0.292045 0.9991353 0.707955 1 0.2940986 8.64685e-4 0.292045 0.7059015 1 0.9991353 0.707955 8.64685e-4 0.292045 0.2920449 0.9991353 0.7059015 1 8.64685e-4 0.292045 0 0.7059015 0.2920449 0.9991353</float_array>
          <technique_common>
            <accessor source="#Mesh_009-mesh-map-0-array" count="84" stride="2">
              <param name="S" type="float"/>
              <param name="T" type="float"/>
            </accessor>
          </technique_common>
        </source>
        <source id="Mesh_009-mesh-colors-Attribute" name="Attribute">
          <float_array id="Mesh_009-mesh-colors-Attribute-array" count="336">0 0 0 0 0 0 0 0 0 0 0 0 0 0 0 0 0 0 0 0 0 0 0 0 0 0 0 0 0 0 0 0 0 0 0 0 0 0 0 0 0 0 0 0 0 0 0 0 0 0 0 0 0 0 0 0 0 0 0 0 0 0 0 0 0 0 0 0 0 0 0 0 0 0 0 0 0 0 0 0 0 0 0 0 0 0 0 0 0 0 0 0 0 0 0 0 0 0 0 0 0 0 0 0 0 0 0 0 0 0 0 0 0 0 0 0 0 0 0 0 0 0 0 0 0 0 0 0 0 0 0 0 0 0 0 0 0 0 0 0 0 0 0 0 0 0 0 0 0 0 0 0 0 0 0 0 0 0 0 0 0 0 0 0 0 0 0 0 0 0 0 0 0 0 0 0 0 0 0 0 0 0 0 0 0 0 0 0 0 0 0 0 0 0 0 0 0 0 0 0 0 0 0 0 0 0 0 0 0 0 0 0 0 0 0 0 0 0 0 0 0 0 0 0 0 0 0 0 0 0 0 0 0 0 0 0 0 0 0 0 0 0 0 0 0 0 0 0 0 0 0 0 0 0 0 0 0 0 0 0 0 0 0 0 0 0 0 0 0 0 0 0 0 0 0 0 0 0 0 0 0 0 0 0 0 0 0 0 0 0 0 0 0 0 0 0 0 0 0 0 0 0 0 0 0 0 0 0 0 0 0 0 0 0 0 0 0 0 0 0 0 0 0 0 0 0 0 0 0 0 0 0 0 0 0 0</float_array>
          <technique_common>
            <accessor source="#Mesh_009-mesh-colors-Attribute-array" count="84" stride="4">
              <param name="R" type="float"/>
              <param name="G" type="float"/>
              <param name="B" type="float"/>
              <param name="A" type="float"/>
            </accessor>
          </technique_common>
        </source>
        <vertices id="Mesh_009-mesh-vertices">
          <input semantic="POSITION" source="#Mesh_009-mesh-positions"/>
        </vertices>
        <triangles material="BGLWEEL-material" count="28">
          <input semantic="VERTEX" source="#Mesh_009-mesh-vertices" offset="0"/>
          <input semantic="NORMAL" source="#Mesh_009-mesh-normals" offset="1"/>
          <input semantic="TEXCOORD" source="#Mesh_009-mesh-map-0" offset="2" set="0"/>
          <input semantic="COLOR" source="#Mesh_009-mesh-colors-Attribute" offset="3" set="0"/>
          <p>0 0 0 0 1 1 1 1 2 2 2 2 0 0 3 3 2 2 4 4 3 3 5 5 1 1 6 6 4 4 7 7 5 5 8 8 1 1 9 9 5 5 10 10 2 2 11 11 4 4 12 12 6 6 13 13 7 7 14 14 4 4 15 15 7 7 16 16 5 5 17 17 6 6 18 18 8 8 19 19 9 9 20 20 6 6 21 21 9 9 22 22 7 7 23 23 8 8 24 24 10 10 25 25 11 11 26 26 8 8 27 27 11 11 28 28 9 9 29 29 10 10 30 30 12 12 31 31 13 13 32 32 10 10 33 33 13 13 34 34 11 11 35 35 12 12 36 36 14 14 37 37 15 15 38 38 12 12 39 39 15 15 40 40 13 13 41 41 14 14 42 42 0 0 43 43 3 3 44 44 14 14 45 45 3 3 46 46 15 15 47 47 13 16 48 48 9 17 49 49 11 18 50 50 13 16 51 51 7 19 52 52 9 17 53 53 13 16 54 54 5 20 55 55 7 19 56 56 13 16 57 57 2 21 58 58 5 20 59 59 13 16 60 60 3 22 61 61 2 21 62 62 13 16 63 63 15 23 64 64 3 22 65 65 1 24 66 66 6 25 67 67 4 26 68 68 1 24 69 69 8 27 70 70 6 25 71 71 1 24 72 72 10 28 73 73 8 27 74 74 1 24 75 75 12 29 76 76 10 28 77 77 1 24 78 78 14 30 79 79 12 29 80 80 1 24 81 81 0 31 82 82 14 30 83 83</p>
        </triangles>
      </mesh>
    </geometry>
    <geometry id="Mesh_008-mesh" name="Mesh.008">
      <mesh>
        <source id="Mesh_008-mesh-positions">
          <float_array id="Mesh_008-mesh-positions-array" count="48">0.04774475 -0.07058715 -0.02906799 0.04774475 -0.07046508 0.02935791 -0.04774469 -0.07046508 0.02935791 -0.04774469 -0.07058715 -0.02906799 0.04774475 -0.02906799 0.07058715 -0.04774475 -0.02906799 0.07058715 0.04774475 0.02935791 0.07046508 -0.04774475 0.02935785 0.07046508 0.04774469 0.07058715 0.02906799 -0.04774475 0.07058715 0.02906799 0.04774469 0.07046508 -0.02935791 -0.04774475 0.07046508 -0.02935791 0.04774475 0.02906799 -0.07058715 -0.04774475 0.02906799 -0.07058715 0.04774475 -0.02935785 -0.07046508 -0.04774475 -0.02935791 -0.07046508</float_array>
          <technique_common>
            <accessor source="#Mesh_008-mesh-positions-array" count="16" stride="3">
              <param name="X" type="float"/>
              <param name="Y" type="float"/>
              <param name="Z" type="float"/>
            </accessor>
          </technique_common>
        </source>
        <source id="Mesh_008-mesh-normals">
          <float_array id="Mesh_008-mesh-normals-array" count="96">1.42358e-7 -0.9680477 -0.2507661 1.32799e-7 -0.861833 0.5071924 1.35747e-7 -0.9670056 0.2547554 1.49957e-7 -0.8639141 -0.5036392 0 -0.250766 0.9680477 0 -0.5036392 0.8639141 0 0.5071924 0.861833 0 0.2547554 0.9670056 -1.42358e-7 0.9680477 0.2507661 -1.49957e-7 0.8639141 0.5036392 -1.32799e-7 0.861833 -0.5071924 -1.35747e-7 0.9670056 -0.2547554 0 0.2507661 -0.9680478 0 0.5036394 -0.8639141 0 -0.5071924 -0.8618329 0 -0.2547554 -0.9670056 -1 -1.74086e-7 0 -1 -2.31926e-7 0 -1 -1.9293e-7 0 -1 -1.55249e-7 0 -1 -1.69514e-7 0 -1 -1.77313e-7 0 -1 0 0 -1 -1.9293e-7 0 1 1.77983e-7 0 1 2.31931e-7 0 1 1.92907e-7 0 1 1.92921e-7 0 1 1.41261e-7 0 1 1.28614e-7 0 1 1.65336e-7 0 1 1.92907e-7 0</float_array>
          <technique_common>
            <accessor source="#Mesh_008-mesh-normals-array" count="32" stride="3">
              <param name="X" type="float"/>
              <param name="Y" type="float"/>
              <param name="Z" type="float"/>
            </accessor>
          </technique_common>
        </source>
        <source id="Mesh_008-mesh-map-0">
          <float_array id="Mesh_008-mesh-map-0-array" count="168">0 0.7059015 8.64685e-4 0.292045 8.64685e-4 0.292045 0 0.7059015 8.64685e-4 0.292045 0 0.7059015 8.64685e-4 0.292045 0.2940986 0 0.2940986 0 8.64685e-4 0.292045 0.2940986 0 8.64685e-4 0.292045 0.2940986 0 0.707955 8.64685e-4 0.707955 8.64685e-4 0.2940986 0 0.707955 8.64685e-4 0.2940986 0 0.707955 8.64685e-4 1 0.2940986 1 0.2940986 0.707955 8.64685e-4 1 0.2940986 0.707955 8.64685e-4 1 0.2940986 0.9991353 0.707955 0.9991353 0.707955 1 0.2940986 0.9991353 0.707955 1 0.2940986 0.9991353 0.707955 0.7059015 1 0.7059015 1 0.9991353 0.707955 0.7059015 1 0.9991353 0.707955 0.7059015 1 0.2920449 0.9991353 0.2920449 0.9991353 0.7059015 1 0.2920449 0.9991353 0.7059015 1 0.2920449 0.9991353 0 0.7059015 0 0.7059015 0.2920449 0.9991353 0 0.7059015 0.2920449 0.9991353 0.7059015 1 1 0.2940986 0.9991353 0.707955 0.7059015 1 0.707955 8.64685e-4 1 0.2940986 0.7059015 1 0.2940986 0 0.707955 8.64685e-4 0.7059015 1 8.64685e-4 0.292045 0.2940986 0 0.7059015 1 0 0.7059015 8.64685e-4 0.292045 0.7059015 1 0.2920449 0.9991353 0 0.7059015 8.64685e-4 0.292045 0.707955 8.64685e-4 0.2940986 0 8.64685e-4 0.292045 1 0.2940986 0.707955 8.64685e-4 8.64685e-4 0.292045 0.9991353 0.707955 1 0.2940986 8.64685e-4 0.292045 0.7059015 1 0.9991353 0.707955 8.64685e-4 0.292045 0.2920449 0.9991353 0.7059015 1 8.64685e-4 0.292045 0 0.7059015 0.2920449 0.9991353</float_array>
          <technique_common>
            <accessor source="#Mesh_008-mesh-map-0-array" count="84" stride="2">
              <param name="S" type="float"/>
              <param name="T" type="float"/>
            </accessor>
          </technique_common>
        </source>
        <source id="Mesh_008-mesh-colors-Attribute" name="Attribute">
          <float_array id="Mesh_008-mesh-colors-Attribute-array" count="336">0 0 0 0 0 0 0 0 0 0 0 0 0 0 0 0 0 0 0 0 0 0 0 0 0 0 0 0 0 0 0 0 0 0 0 0 0 0 0 0 0 0 0 0 0 0 0 0 0 0 0 0 0 0 0 0 0 0 0 0 0 0 0 0 0 0 0 0 0 0 0 0 0 0 0 0 0 0 0 0 0 0 0 0 0 0 0 0 0 0 0 0 0 0 0 0 0 0 0 0 0 0 0 0 0 0 0 0 0 0 0 0 0 0 0 0 0 0 0 0 0 0 0 0 0 0 0 0 0 0 0 0 0 0 0 0 0 0 0 0 0 0 0 0 0 0 0 0 0 0 0 0 0 0 0 0 0 0 0 0 0 0 0 0 0 0 0 0 0 0 0 0 0 0 0 0 0 0 0 0 0 0 0 0 0 0 0 0 0 0 0 0 0 0 0 0 0 0 0 0 0 0 0 0 0 0 0 0 0 0 0 0 0 0 0 0 0 0 0 0 0 0 0 0 0 0 0 0 0 0 0 0 0 0 0 0 0 0 0 0 0 0 0 0 0 0 0 0 0 0 0 0 0 0 0 0 0 0 0 0 0 0 0 0 0 0 0 0 0 0 0 0 0 0 0 0 0 0 0 0 0 0 0 0 0 0 0 0 0 0 0 0 0 0 0 0 0 0 0 0 0 0 0 0 0 0 0 0 0 0 0 0 0 0 0 0 0 0 0 0 0 0 0 0 0 0 0 0 0 0 0 0 0 0 0 0</float_array>
          <technique_common>
            <accessor source="#Mesh_008-mesh-colors-Attribute-array" count="84" stride="4">
              <param name="R" type="float"/>
              <param name="G" type="float"/>
              <param name="B" type="float"/>
              <param name="A" type="float"/>
            </accessor>
          </technique_common>
        </source>
        <vertices id="Mesh_008-mesh-vertices">
          <input semantic="POSITION" source="#Mesh_008-mesh-positions"/>
        </vertices>
        <triangles material="BGLWEEL-material" count="28">
          <input semantic="VERTEX" source="#Mesh_008-mesh-vertices" offset="0"/>
          <input semantic="NORMAL" source="#Mesh_008-mesh-normals" offset="1"/>
          <input semantic="TEXCOORD" source="#Mesh_008-mesh-map-0" offset="2" set="0"/>
          <input semantic="COLOR" source="#Mesh_008-mesh-colors-Attribute" offset="3" set="0"/>
          <p>0 0 0 0 1 1 1 1 2 2 2 2 0 0 3 3 2 2 4 4 3 3 5 5 1 1 6 6 4 4 7 7 5 5 8 8 1 1 9 9 5 5 10 10 2 2 11 11 4 4 12 12 6 6 13 13 7 7 14 14 4 4 15 15 7 7 16 16 5 5 17 17 6 6 18 18 8 8 19 19 9 9 20 20 6 6 21 21 9 9 22 22 7 7 23 23 8 8 24 24 10 10 25 25 11 11 26 26 8 8 27 27 11 11 28 28 9 9 29 29 10 10 30 30 12 12 31 31 13 13 32 32 10 10 33 33 13 13 34 34 11 11 35 35 12 12 36 36 14 14 37 37 15 15 38 38 12 12 39 39 15 15 40 40 13 13 41 41 14 14 42 42 0 0 43 43 3 3 44 44 14 14 45 45 3 3 46 46 15 15 47 47 13 16 48 48 9 17 49 49 11 18 50 50 13 16 51 51 7 19 52 52 9 17 53 53 13 16 54 54 5 20 55 55 7 19 56 56 13 16 57 57 2 21 58 58 5 20 59 59 13 16 60 60 3 22 61 61 2 21 62 62 13 16 63 63 15 23 64 64 3 22 65 65 1 24 66 66 6 25 67 67 4 26 68 68 1 24 69 69 8 27 70 70 6 25 71 71 1 24 72 72 10 28 73 73 8 27 74 74 1 24 75 75 12 29 76 76 10 28 77 77 1 24 78 78 14 30 79 79 12 29 80 80 1 24 81 81 0 31 82 82 14 30 83 83</p>
        </triangles>
      </mesh>
    </geometry>
    <geometry id="Mesh_007-mesh" name="Mesh.007">
      <mesh>
        <source id="Mesh_007-mesh-positions">
          <float_array id="Mesh_007-mesh-positions-array" count="48">0.04774475 -0.07058715 -0.02906799 0.04774475 -0.07046508 0.02935791 -0.04774469 -0.07046508 0.02935791 -0.04774469 -0.07058715 -0.02906799 0.04774475 -0.02906799 0.07058715 -0.04774475 -0.02906799 0.07058715 0.04774475 0.02935791 0.07046508 -0.04774475 0.02935785 0.07046508 0.04774469 0.07058715 0.02906799 -0.04774475 0.07058715 0.02906799 0.04774469 0.07046508 -0.02935791 -0.04774475 0.07046508 -0.02935791 0.04774475 0.02906799 -0.07058715 -0.04774475 0.02906799 -0.07058715 0.04774475 -0.02935785 -0.07046508 -0.04774475 -0.02935791 -0.07046508</float_array>
          <technique_common>
            <accessor source="#Mesh_007-mesh-positions-array" count="16" stride="3">
              <param name="X" type="float"/>
              <param name="Y" type="float"/>
              <param name="Z" type="float"/>
            </accessor>
          </technique_common>
        </source>
        <source id="Mesh_007-mesh-normals">
          <float_array id="Mesh_007-mesh-normals-array" count="96">1.42358e-7 -0.9680477 -0.2507661 1.32799e-7 -0.861833 0.5071924 1.35747e-7 -0.9670056 0.2547554 1.49957e-7 -0.8639141 -0.5036392 0 -0.250766 0.9680477 0 -0.5036392 0.8639141 0 0.5071924 0.861833 0 0.2547554 0.9670056 -1.42358e-7 0.9680477 0.2507661 -1.49957e-7 0.8639141 0.5036392 -1.32799e-7 0.861833 -0.5071924 -1.35747e-7 0.9670056 -0.2547554 0 0.2507661 -0.9680478 0 0.5036394 -0.8639141 0 -0.5071924 -0.8618329 0 -0.2547554 -0.9670056 -1 -1.74086e-7 0 -1 -2.31926e-7 0 -1 -1.9293e-7 0 -1 -1.55249e-7 0 -1 -1.69514e-7 0 -1 -1.77313e-7 0 -1 0 0 -1 -1.9293e-7 0 1 1.77983e-7 0 1 2.31931e-7 0 1 1.92907e-7 0 1 1.92921e-7 0 1 1.41261e-7 0 1 1.28614e-7 0 1 1.65336e-7 0 1 1.92907e-7 0</float_array>
          <technique_common>
            <accessor source="#Mesh_007-mesh-normals-array" count="32" stride="3">
              <param name="X" type="float"/>
              <param name="Y" type="float"/>
              <param name="Z" type="float"/>
            </accessor>
          </technique_common>
        </source>
        <source id="Mesh_007-mesh-map-0">
          <float_array id="Mesh_007-mesh-map-0-array" count="168">0 0.7059015 8.64685e-4 0.292045 8.64685e-4 0.292045 0 0.7059015 8.64685e-4 0.292045 0 0.7059015 8.64685e-4 0.292045 0.2940986 0 0.2940986 0 8.64685e-4 0.292045 0.2940986 0 8.64685e-4 0.292045 0.2940986 0 0.707955 8.64685e-4 0.707955 8.64685e-4 0.2940986 0 0.707955 8.64685e-4 0.2940986 0 0.707955 8.64685e-4 1 0.2940986 1 0.2940986 0.707955 8.64685e-4 1 0.2940986 0.707955 8.64685e-4 1 0.2940986 0.9991353 0.707955 0.9991353 0.707955 1 0.2940986 0.9991353 0.707955 1 0.2940986 0.9991353 0.707955 0.7059015 1 0.7059015 1 0.9991353 0.707955 0.7059015 1 0.9991353 0.707955 0.7059015 1 0.2920449 0.9991353 0.2920449 0.9991353 0.7059015 1 0.2920449 0.9991353 0.7059015 1 0.2920449 0.9991353 0 0.7059015 0 0.7059015 0.2920449 0.9991353 0 0.7059015 0.2920449 0.9991353 0.7059015 1 1 0.2940986 0.9991353 0.707955 0.7059015 1 0.707955 8.64685e-4 1 0.2940986 0.7059015 1 0.2940986 0 0.707955 8.64685e-4 0.7059015 1 8.64685e-4 0.292045 0.2940986 0 0.7059015 1 0 0.7059015 8.64685e-4 0.292045 0.7059015 1 0.2920449 0.9991353 0 0.7059015 8.64685e-4 0.292045 0.707955 8.64685e-4 0.2940986 0 8.64685e-4 0.292045 1 0.2940986 0.707955 8.64685e-4 8.64685e-4 0.292045 0.9991353 0.707955 1 0.2940986 8.64685e-4 0.292045 0.7059015 1 0.9991353 0.707955 8.64685e-4 0.292045 0.2920449 0.9991353 0.7059015 1 8.64685e-4 0.292045 0 0.7059015 0.2920449 0.9991353</float_array>
          <technique_common>
            <accessor source="#Mesh_007-mesh-map-0-array" count="84" stride="2">
              <param name="S" type="float"/>
              <param name="T" type="float"/>
            </accessor>
          </technique_common>
        </source>
        <source id="Mesh_007-mesh-colors-Attribute" name="Attribute">
          <float_array id="Mesh_007-mesh-colors-Attribute-array" count="336">0 0 0 0 0 0 0 0 0 0 0 0 0 0 0 0 0 0 0 0 0 0 0 0 0 0 0 0 0 0 0 0 0 0 0 0 0 0 0 0 0 0 0 0 0 0 0 0 0 0 0 0 0 0 0 0 0 0 0 0 0 0 0 0 0 0 0 0 0 0 0 0 0 0 0 0 0 0 0 0 0 0 0 0 0 0 0 0 0 0 0 0 0 0 0 0 0 0 0 0 0 0 0 0 0 0 0 0 0 0 0 0 0 0 0 0 0 0 0 0 0 0 0 0 0 0 0 0 0 0 0 0 0 0 0 0 0 0 0 0 0 0 0 0 0 0 0 0 0 0 0 0 0 0 0 0 0 0 0 0 0 0 0 0 0 0 0 0 0 0 0 0 0 0 0 0 0 0 0 0 0 0 0 0 0 0 0 0 0 0 0 0 0 0 0 0 0 0 0 0 0 0 0 0 0 0 0 0 0 0 0 0 0 0 0 0 0 0 0 0 0 0 0 0 0 0 0 0 0 0 0 0 0 0 0 0 0 0 0 0 0 0 0 0 0 0 0 0 0 0 0 0 0 0 0 0 0 0 0 0 0 0 0 0 0 0 0 0 0 0 0 0 0 0 0 0 0 0 0 0 0 0 0 0 0 0 0 0 0 0 0 0 0 0 0 0 0 0 0 0 0 0 0 0 0 0 0 0 0 0 0 0 0 0 0 0 0 0 0 0 0 0 0 0 0 0 0 0 0 0 0 0 0 0 0 0</float_array>
          <technique_common>
            <accessor source="#Mesh_007-mesh-colors-Attribute-array" count="84" stride="4">
              <param name="R" type="float"/>
              <param name="G" type="float"/>
              <param name="B" type="float"/>
              <param name="A" type="float"/>
            </accessor>
          </technique_common>
        </source>
        <vertices id="Mesh_007-mesh-vertices">
          <input semantic="POSITION" source="#Mesh_007-mesh-positions"/>
        </vertices>
        <triangles material="BGLWEEL-material" count="28">
          <input semantic="VERTEX" source="#Mesh_007-mesh-vertices" offset="0"/>
          <input semantic="NORMAL" source="#Mesh_007-mesh-normals" offset="1"/>
          <input semantic="TEXCOORD" source="#Mesh_007-mesh-map-0" offset="2" set="0"/>
          <input semantic="COLOR" source="#Mesh_007-mesh-colors-Attribute" offset="3" set="0"/>
          <p>0 0 0 0 1 1 1 1 2 2 2 2 0 0 3 3 2 2 4 4 3 3 5 5 1 1 6 6 4 4 7 7 5 5 8 8 1 1 9 9 5 5 10 10 2 2 11 11 4 4 12 12 6 6 13 13 7 7 14 14 4 4 15 15 7 7 16 16 5 5 17 17 6 6 18 18 8 8 19 19 9 9 20 20 6 6 21 21 9 9 22 22 7 7 23 23 8 8 24 24 10 10 25 25 11 11 26 26 8 8 27 27 11 11 28 28 9 9 29 29 10 10 30 30 12 12 31 31 13 13 32 32 10 10 33 33 13 13 34 34 11 11 35 35 12 12 36 36 14 14 37 37 15 15 38 38 12 12 39 39 15 15 40 40 13 13 41 41 14 14 42 42 0 0 43 43 3 3 44 44 14 14 45 45 3 3 46 46 15 15 47 47 13 16 48 48 9 17 49 49 11 18 50 50 13 16 51 51 7 19 52 52 9 17 53 53 13 16 54 54 5 20 55 55 7 19 56 56 13 16 57 57 2 21 58 58 5 20 59 59 13 16 60 60 3 22 61 61 2 21 62 62 13 16 63 63 15 23 64 64 3 22 65 65 1 24 66 66 6 25 67 67 4 26 68 68 1 24 69 69 8 27 70 70 6 25 71 71 1 24 72 72 10 28 73 73 8 27 74 74 1 24 75 75 12 29 76 76 10 28 77 77 1 24 78 78 14 30 79 79 12 29 80 80 1 24 81 81 0 31 82 82 14 30 83 83</p>
        </triangles>
      </mesh>
    </geometry>
    <geometry id="Mesh_006-mesh" name="Mesh.006">
      <mesh>
        <source id="Mesh_006-mesh-positions">
          <float_array id="Mesh_006-mesh-positions-array" count="48">0.04774475 -0.07058715 -0.02906799 0.04774475 -0.07046508 0.02935791 -0.04774469 -0.07046508 0.02935791 -0.04774469 -0.07058715 -0.02906799 0.04774475 -0.02906799 0.07058715 -0.04774475 -0.02906799 0.07058715 0.04774475 0.02935791 0.07046508 -0.04774475 0.02935785 0.07046508 0.04774469 0.07058715 0.02906799 -0.04774475 0.07058715 0.02906799 0.04774469 0.07046508 -0.02935791 -0.04774475 0.07046508 -0.02935791 0.04774475 0.02906799 -0.07058715 -0.04774475 0.02906799 -0.07058715 0.04774475 -0.02935785 -0.07046508 -0.04774475 -0.02935791 -0.07046508</float_array>
          <technique_common>
            <accessor source="#Mesh_006-mesh-positions-array" count="16" stride="3">
              <param name="X" type="float"/>
              <param name="Y" type="float"/>
              <param name="Z" type="float"/>
            </accessor>
          </technique_common>
        </source>
        <source id="Mesh_006-mesh-normals">
          <float_array id="Mesh_006-mesh-normals-array" count="96">1.42358e-7 -0.9680477 -0.2507661 1.32799e-7 -0.861833 0.5071924 1.35747e-7 -0.9670056 0.2547554 1.49957e-7 -0.8639141 -0.5036392 0 -0.250766 0.9680477 0 -0.5036392 0.8639141 0 0.5071924 0.861833 0 0.2547554 0.9670056 -1.42358e-7 0.9680477 0.2507661 -1.49957e-7 0.8639141 0.5036392 -1.32799e-7 0.861833 -0.5071924 -1.35747e-7 0.9670056 -0.2547554 0 0.2507661 -0.9680478 0 0.5036394 -0.8639141 0 -0.5071924 -0.8618329 0 -0.2547554 -0.9670056 -1 -1.74086e-7 0 -1 -2.31926e-7 0 -1 -1.9293e-7 0 -1 -1.55249e-7 0 -1 -1.69514e-7 0 -1 -1.77313e-7 0 -1 0 0 -1 -1.9293e-7 0 1 1.77983e-7 0 1 2.31931e-7 0 1 1.92907e-7 0 1 1.92921e-7 0 1 1.41261e-7 0 1 1.28614e-7 0 1 1.65336e-7 0 1 1.92907e-7 0</float_array>
          <technique_common>
            <accessor source="#Mesh_006-mesh-normals-array" count="32" stride="3">
              <param name="X" type="float"/>
              <param name="Y" type="float"/>
              <param name="Z" type="float"/>
            </accessor>
          </technique_common>
        </source>
        <source id="Mesh_006-mesh-map-0">
          <float_array id="Mesh_006-mesh-map-0-array" count="168">0 0.7059015 8.64685e-4 0.292045 8.64685e-4 0.292045 0 0.7059015 8.64685e-4 0.292045 0 0.7059015 8.64685e-4 0.292045 0.2940986 0 0.2940986 0 8.64685e-4 0.292045 0.2940986 0 8.64685e-4 0.292045 0.2940986 0 0.707955 8.64685e-4 0.707955 8.64685e-4 0.2940986 0 0.707955 8.64685e-4 0.2940986 0 0.707955 8.64685e-4 1 0.2940986 1 0.2940986 0.707955 8.64685e-4 1 0.2940986 0.707955 8.64685e-4 1 0.2940986 0.9991353 0.707955 0.9991353 0.707955 1 0.2940986 0.9991353 0.707955 1 0.2940986 0.9991353 0.707955 0.7059015 1 0.7059015 1 0.9991353 0.707955 0.7059015 1 0.9991353 0.707955 0.7059015 1 0.2920449 0.9991353 0.2920449 0.9991353 0.7059015 1 0.2920449 0.9991353 0.7059015 1 0.2920449 0.9991353 0 0.7059015 0 0.7059015 0.2920449 0.9991353 0 0.7059015 0.2920449 0.9991353 0.7059015 1 1 0.2940986 0.9991353 0.707955 0.7059015 1 0.707955 8.64685e-4 1 0.2940986 0.7059015 1 0.2940986 0 0.707955 8.64685e-4 0.7059015 1 8.64685e-4 0.292045 0.2940986 0 0.7059015 1 0 0.7059015 8.64685e-4 0.292045 0.7059015 1 0.2920449 0.9991353 0 0.7059015 8.64685e-4 0.292045 0.707955 8.64685e-4 0.2940986 0 8.64685e-4 0.292045 1 0.2940986 0.707955 8.64685e-4 8.64685e-4 0.292045 0.9991353 0.707955 1 0.2940986 8.64685e-4 0.292045 0.7059015 1 0.9991353 0.707955 8.64685e-4 0.292045 0.2920449 0.9991353 0.7059015 1 8.64685e-4 0.292045 0 0.7059015 0.2920449 0.9991353</float_array>
          <technique_common>
            <accessor source="#Mesh_006-mesh-map-0-array" count="84" stride="2">
              <param name="S" type="float"/>
              <param name="T" type="float"/>
            </accessor>
          </technique_common>
        </source>
        <source id="Mesh_006-mesh-colors-Attribute" name="Attribute">
          <float_array id="Mesh_006-mesh-colors-Attribute-array" count="336">0 0 0 0 0 0 0 0 0 0 0 0 0 0 0 0 0 0 0 0 0 0 0 0 0 0 0 0 0 0 0 0 0 0 0 0 0 0 0 0 0 0 0 0 0 0 0 0 0 0 0 0 0 0 0 0 0 0 0 0 0 0 0 0 0 0 0 0 0 0 0 0 0 0 0 0 0 0 0 0 0 0 0 0 0 0 0 0 0 0 0 0 0 0 0 0 0 0 0 0 0 0 0 0 0 0 0 0 0 0 0 0 0 0 0 0 0 0 0 0 0 0 0 0 0 0 0 0 0 0 0 0 0 0 0 0 0 0 0 0 0 0 0 0 0 0 0 0 0 0 0 0 0 0 0 0 0 0 0 0 0 0 0 0 0 0 0 0 0 0 0 0 0 0 0 0 0 0 0 0 0 0 0 0 0 0 0 0 0 0 0 0 0 0 0 0 0 0 0 0 0 0 0 0 0 0 0 0 0 0 0 0 0 0 0 0 0 0 0 0 0 0 0 0 0 0 0 0 0 0 0 0 0 0 0 0 0 0 0 0 0 0 0 0 0 0 0 0 0 0 0 0 0 0 0 0 0 0 0 0 0 0 0 0 0 0 0 0 0 0 0 0 0 0 0 0 0 0 0 0 0 0 0 0 0 0 0 0 0 0 0 0 0 0 0 0 0 0 0 0 0 0 0 0 0 0 0 0 0 0 0 0 0 0 0 0 0 0 0 0 0 0 0 0 0 0 0 0 0 0 0 0 0 0 0 0</float_array>
          <technique_common>
            <accessor source="#Mesh_006-mesh-colors-Attribute-array" count="84" stride="4">
              <param name="R" type="float"/>
              <param name="G" type="float"/>
              <param name="B" type="float"/>
              <param name="A" type="float"/>
            </accessor>
          </technique_common>
        </source>
        <vertices id="Mesh_006-mesh-vertices">
          <input semantic="POSITION" source="#Mesh_006-mesh-positions"/>
        </vertices>
        <triangles material="BGLWEEL-material" count="28">
          <input semantic="VERTEX" source="#Mesh_006-mesh-vertices" offset="0"/>
          <input semantic="NORMAL" source="#Mesh_006-mesh-normals" offset="1"/>
          <input semantic="TEXCOORD" source="#Mesh_006-mesh-map-0" offset="2" set="0"/>
          <input semantic="COLOR" source="#Mesh_006-mesh-colors-Attribute" offset="3" set="0"/>
          <p>0 0 0 0 1 1 1 1 2 2 2 2 0 0 3 3 2 2 4 4 3 3 5 5 1 1 6 6 4 4 7 7 5 5 8 8 1 1 9 9 5 5 10 10 2 2 11 11 4 4 12 12 6 6 13 13 7 7 14 14 4 4 15 15 7 7 16 16 5 5 17 17 6 6 18 18 8 8 19 19 9 9 20 20 6 6 21 21 9 9 22 22 7 7 23 23 8 8 24 24 10 10 25 25 11 11 26 26 8 8 27 27 11 11 28 28 9 9 29 29 10 10 30 30 12 12 31 31 13 13 32 32 10 10 33 33 13 13 34 34 11 11 35 35 12 12 36 36 14 14 37 37 15 15 38 38 12 12 39 39 15 15 40 40 13 13 41 41 14 14 42 42 0 0 43 43 3 3 44 44 14 14 45 45 3 3 46 46 15 15 47 47 13 16 48 48 9 17 49 49 11 18 50 50 13 16 51 51 7 19 52 52 9 17 53 53 13 16 54 54 5 20 55 55 7 19 56 56 13 16 57 57 2 21 58 58 5 20 59 59 13 16 60 60 3 22 61 61 2 21 62 62 13 16 63 63 15 23 64 64 3 22 65 65 1 24 66 66 6 25 67 67 4 26 68 68 1 24 69 69 8 27 70 70 6 25 71 71 1 24 72 72 10 28 73 73 8 27 74 74 1 24 75 75 12 29 76 76 10 28 77 77 1 24 78 78 14 30 79 79 12 29 80 80 1 24 81 81 0 31 82 82 14 30 83 83</p>
        </triangles>
      </mesh>
    </geometry>
  </library_geometries>
  <library_visual_scenes>
    <visual_scene id="Scene" name="Scene">
      <node id="EAGYELE_DAT" name="EAGYELE.DAT" type="NODE">
        <matrix sid="transform">1 0 0 0 0 1 0 0 0 0 1 0 0 0 0 1</matrix>
        <instance_geometry url="#Mesh_005-mesh" name="EAGYELE.DAT">
          <bind_material>
            <technique_common>
              <instance_material symbol="BGLSPIKE-material" target="#BGLSPIKE-material">
                <bind_vertex_input semantic="map1" input_semantic="TEXCOORD" input_set="0"/>
              </instance_material>
              <instance_material symbol="BGLSPIKEH-material" target="#BGLSPIKEH-material">
                <bind_vertex_input semantic="map1" input_semantic="TEXCOORD" input_set="0"/>
              </instance_material>
              <instance_material symbol="BGLUNDER-material" target="#BGLUNDER-material">
                <bind_vertex_input semantic="map1" input_semantic="TEXCOORD" input_set="0"/>
              </instance_material>
              <instance_material symbol="DRSKY-material" target="#DRSKY-material">
                <bind_vertex_input semantic="map1" input_semantic="TEXCOORD" input_set="0"/>
              </instance_material>
              <instance_material symbol="MURKHW-material" target="#MURKHW-material">
                <bind_vertex_input semantic="map1" input_semantic="TEXCOORD" input_set="0"/>
              </instance_material>
              <instance_material symbol="MURKSW-material" target="#MURKSW-material">
                <bind_vertex_input semantic="map1" input_semantic="TEXCOORD" input_set="0"/>
              </instance_material>
              <instance_material symbol="YELEBOT-material" target="#YELEBOT-material">
                <bind_vertex_input semantic="map1" input_semantic="TEXCOORD" input_set="0"/>
              </instance_material>
              <instance_material symbol="YELENOSE-material" target="#YELENOSE-material">
                <bind_vertex_input semantic="map1" input_semantic="TEXCOORD" input_set="0"/>
              </instance_material>
              <instance_material symbol="YELESIDE-material" target="#YELESIDE-material">
                <bind_vertex_input semantic="map1" input_semantic="TEXCOORD" input_set="0"/>
              </instance_material>
              <instance_material symbol="YELETOP-material" target="#YELETOP-material">
                <bind_vertex_input semantic="map1" input_semantic="TEXCOORD" input_set="0"/>
              </instance_material>
            </technique_common>
          </bind_material>
        </instance_geometry>
        <node id="WHEEL_DAT" name="WHEEL.DAT" type="NODE">
          <matrix sid="transform">1 0 0 0.131 0 1 0 0.304 0 0 1 0.07058703 0 0 0 1</matrix>
          <instance_geometry url="#Mesh_006-mesh" name="WHEEL.DAT">
            <bind_material>
              <technique_common>
                <instance_material symbol="BGLWEEL-material" target="#BGLWEEL-material">
                  <bind_vertex_input semantic="map1" input_semantic="TEXCOORD" input_set="0"/>
                </instance_material>
              </technique_common>
            </bind_material>
          </instance_geometry>
        </node>
        <node id="WHEEL_DAT_001" name="WHEEL.DAT.001" type="NODE">
          <matrix sid="transform">1 0 0 -0.131 0 1 0 0.304 0 0 1 0.07058703 0 0 0 1</matrix>
          <instance_geometry url="#Mesh_007-mesh" name="WHEEL.DAT.001">
            <bind_material>
              <technique_common>
                <instance_material symbol="BGLWEEL-material" target="#BGLWEEL-material">
                  <bind_vertex_input semantic="map1" input_semantic="TEXCOORD" input_set="0"/>
                </instance_material>
              </technique_common>
            </bind_material>
          </instance_geometry>
        </node>
        <node id="FLPIVOT_ACT_001" name="FLPIVOT.ACT.001" type="NODE">
          <matrix sid="transform">1 0 0 0.124 0 1 0 -0.175 0 0 1 0.07058699 0 0 0 1</matrix>
          <node id="WHEEL_DAT_002" name="WHEEL.DAT.002" type="NODE">
            <matrix sid="transform">1 0 0 0 0 1 0 0 0 0 1 0 0 0 0 1</matrix>
            <instance_geometry url="#Mesh_008-mesh" name="WHEEL.DAT.002">
              <bind_material>
                <technique_common>
                  <instance_material symbol="BGLWEEL-material" target="#BGLWEEL-material">
                    <bind_vertex_input semantic="map1" input_semantic="TEXCOORD" input_set="0"/>
                  </instance_material>
                </technique_common>
              </bind_material>
            </instance_geometry>
          </node>
        </node>
        <node id="FRPIVOT_ACT_001" name="FRPIVOT.ACT.001" type="NODE">
          <matrix sid="transform">1 0 0 -0.124 0 1 0 -0.175 0 0 1 0.07058699 0 0 0 1</matrix>
          <node id="WHEEL_DAT_003" name="WHEEL.DAT.003" type="NODE">
            <matrix sid="transform">1 0 0 0 0 1 0 0 0 0 1 0 0 0 0 1</matrix>
            <instance_geometry url="#Mesh_009-mesh" name="WHEEL.DAT.003">
              <bind_material>
                <technique_common>
                  <instance_material symbol="BGLWEEL-material" target="#BGLWEEL-material">
                    <bind_vertex_input semantic="map1" input_semantic="TEXCOORD" input_set="0"/>
                  </instance_material>
                </technique_common>
              </bind_material>
            </instance_geometry>
          </node>
        </node>
      </node>
    </visual_scene>
  </library_visual_scenes>
  <scene>
    <instance_visual_scene url="#Scene"/>
  </scene>
</COLLADA>