<?xml version="1.0" encoding="utf-8"?>
<COLLADA xmlns="http://www.collada.org/2005/11/COLLADASchema" version="1.4.1" xmlns:xsi="http://www.w3.org/2001/XMLSchema-instance">
  <asset>
    <contributor>
      <author>Blender User</author>
      <authoring_tool>Blender 4.3.0 commit date:2024-11-19, commit time:08:52, hash:2b18cad88b13</authoring_tool>
    </contributor>
    <created>2025-02-19T20:56:25</created>
    <modified>2025-02-19T20:56:25</modified>
    <unit name="meter" meter="1"/>
    <up_axis>Z_UP</up_axis>
  </asset>
  <library_effects>
    <effect id="BGLSPIKE-effect">
      <profile_COMMON>
        <newparam sid="BGLSPIKE_png-surface">
          <surface type="2D">
            <init_from>BGLSPIKE_png</init_from>
          </surface>
        </newparam>
        <newparam sid="BGLSPIKE_png-sampler">
          <sampler2D>
            <source>BGLSPIKE_png-surface</source>
          </sampler2D>
        </newparam>
        <technique sid="common">
          <lambert>
            <emission>
              <color sid="emission">0 0 0 1</color>
            </emission>
            <diffuse>
              <texture texture="BGLSPIKE_png-sampler" texcoord="map1"/>
            </diffuse>
            <index_of_refraction>
              <float sid="ior">1</float>
            </index_of_refraction>
          </lambert>
        </technique>
      </profile_COMMON>
    </effect>
    <effect id="BGLSPIKEH-effect">
      <profile_COMMON>
        <newparam sid="BGLSPIKEH_png-surface">
          <surface type="2D">
            <init_from>BGLSPIKEH_png</init_from>
          </surface>
        </newparam>
        <newparam sid="BGLSPIKEH_png-sampler">
          <sampler2D>
            <source>BGLSPIKEH_png-surface</source>
          </sampler2D>
        </newparam>
        <technique sid="common">
          <lambert>
            <emission>
              <color sid="emission">0 0 0 1</color>
            </emission>
            <diffuse>
              <texture texture="BGLSPIKEH_png-sampler" texcoord="map1"/>
            </diffuse>
            <index_of_refraction>
              <float sid="ior">1</float>
            </index_of_refraction>
          </lambert>
        </technique>
      </profile_COMMON>
    </effect>
    <effect id="BGLUNDER-effect">
      <profile_COMMON>
        <newparam sid="BGLUNDER_png-surface">
          <surface type="2D">
            <init_from>BGLUNDER_png</init_from>
          </surface>
        </newparam>
        <newparam sid="BGLUNDER_png-sampler">
          <sampler2D>
            <source>BGLUNDER_png-surface</source>
          </sampler2D>
        </newparam>
        <technique sid="common">
          <lambert>
            <emission>
              <color sid="emission">0 0 0 1</color>
            </emission>
            <diffuse>
              <texture texture="BGLUNDER_png-sampler" texcoord="map1"/>
            </diffuse>
            <index_of_refraction>
              <float sid="ior">1</float>
            </index_of_refraction>
          </lambert>
        </technique>
      </profile_COMMON>
    </effect>
    <effect id="DRSKY-effect">
      <profile_COMMON>
        <newparam sid="DRSKY_png-surface">
          <surface type="2D">
            <init_from>DRSKY_png</init_from>
          </surface>
        </newparam>
        <newparam sid="DRSKY_png-sampler">
          <sampler2D>
            <source>DRSKY_png-surface</source>
          </sampler2D>
        </newparam>
        <technique sid="common">
          <lambert>
            <emission>
              <color sid="emission">0 0 0 1</color>
            </emission>
            <diffuse>
              <texture texture="DRSKY_png-sampler" texcoord="map1"/>
            </diffuse>
            <index_of_refraction>
              <float sid="ior">1</float>
            </index_of_refraction>
          </lambert>
        </technique>
      </profile_COMMON>
    </effect>
    <effect id="GREEBOT-effect">
      <profile_COMMON>
        <newparam sid="greebot_png-surface">
          <surface type="2D">
            <init_from>greebot_png</init_from>
          </surface>
        </newparam>
        <newparam sid="greebot_png-sampler">
          <sampler2D>
            <source>greebot_png-surface</source>
          </sampler2D>
        </newparam>
        <technique sid="common">
          <lambert>
            <emission>
              <color sid="emission">0 0 0 1</color>
            </emission>
            <diffuse>
              <texture texture="greebot_png-sampler" texcoord="map1"/>
            </diffuse>
            <index_of_refraction>
              <float sid="ior">1</float>
            </index_of_refraction>
          </lambert>
        </technique>
      </profile_COMMON>
    </effect>
    <effect id="GREENOSE-effect">
      <profile_COMMON>
        <newparam sid="greenose_png-surface">
          <surface type="2D">
            <init_from>greenose_png</init_from>
          </surface>
        </newparam>
        <newparam sid="greenose_png-sampler">
          <sampler2D>
            <source>greenose_png-surface</source>
          </sampler2D>
        </newparam>
        <technique sid="common">
          <lambert>
            <emission>
              <color sid="emission">0 0 0 1</color>
            </emission>
            <diffuse>
              <texture texture="greenose_png-sampler" texcoord="map1"/>
            </diffuse>
            <index_of_refraction>
              <float sid="ior">1</float>
            </index_of_refraction>
          </lambert>
        </technique>
      </profile_COMMON>
    </effect>
    <effect id="GREESIDE-effect">
      <profile_COMMON>
        <newparam sid="greeside_png-surface">
          <surface type="2D">
            <init_from>greeside_png</init_from>
          </surface>
        </newparam>
        <newparam sid="greeside_png-sampler">
          <sampler2D>
            <source>greeside_png-surface</source>
          </sampler2D>
        </newparam>
        <technique sid="common">
          <lambert>
            <emission>
              <color sid="emission">0 0 0 1</color>
            </emission>
            <diffuse>
              <texture texture="greeside_png-sampler" texcoord="map1"/>
            </diffuse>
            <index_of_refraction>
              <float sid="ior">1</float>
            </index_of_refraction>
          </lambert>
        </technique>
      </profile_COMMON>
    </effect>
    <effect id="GREETOP-effect">
      <profile_COMMON>
        <newparam sid="greetop_png-surface">
          <surface type="2D">
            <init_from>greetop_png</init_from>
          </surface>
        </newparam>
        <newparam sid="greetop_png-sampler">
          <sampler2D>
            <source>greetop_png-surface</source>
          </sampler2D>
        </newparam>
        <technique sid="common">
          <lambert>
            <emission>
              <color sid="emission">0 0 0 1</color>
            </emission>
            <diffuse>
              <texture texture="greetop_png-sampler" texcoord="map1"/>
            </diffuse>
            <index_of_refraction>
              <float sid="ior">1</float>
            </index_of_refraction>
          </lambert>
        </technique>
      </profile_COMMON>
    </effect>
    <effect id="MURKHW-effect">
      <profile_COMMON>
        <newparam sid="MURKHW_png-surface">
          <surface type="2D">
            <init_from>MURKHW_png</init_from>
          </surface>
        </newparam>
        <newparam sid="MURKHW_png-sampler">
          <sampler2D>
            <source>MURKHW_png-surface</source>
          </sampler2D>
        </newparam>
        <technique sid="common">
          <lambert>
            <emission>
              <color sid="emission">0 0 0 1</color>
            </emission>
            <diffuse>
              <texture texture="MURKHW_png-sampler" texcoord="map1"/>
            </diffuse>
            <index_of_refraction>
              <float sid="ior">1</float>
            </index_of_refraction>
          </lambert>
        </technique>
      </profile_COMMON>
    </effect>
    <effect id="MURKSW-effect">
      <profile_COMMON>
        <newparam sid="MURKSW_png-surface">
          <surface type="2D">
            <init_from>MURKSW_png</init_from>
          </surface>
        </newparam>
        <newparam sid="MURKSW_png-sampler">
          <sampler2D>
            <source>MURKSW_png-surface</source>
          </sampler2D>
        </newparam>
        <technique sid="common">
          <lambert>
            <emission>
              <color sid="emission">0 0 0 1</color>
            </emission>
            <diffuse>
              <texture texture="MURKSW_png-sampler" texcoord="map1"/>
            </diffuse>
            <index_of_refraction>
              <float sid="ior">1</float>
            </index_of_refraction>
          </lambert>
        </technique>
      </profile_COMMON>
    </effect>
    <effect id="BGLWEEL-effect">
      <profile_COMMON>
        <newparam sid="BGLWEEL_png-surface">
          <surface type="2D">
            <init_from>BGLWEEL_png</init_from>
          </surface>
        </newparam>
        <newparam sid="BGLWEEL_png-sampler">
          <sampler2D>
            <source>BGLWEEL_png-surface</source>
          </sampler2D>
        </newparam>
        <technique sid="common">
          <lambert>
            <emission>
              <color sid="emission">0 0 0 1</color>
            </emission>
            <diffuse>
              <texture texture="BGLWEEL_png-sampler" texcoord="map1"/>
            </diffuse>
            <index_of_refraction>
              <float sid="ior">1</float>
            </index_of_refraction>
          </lambert>
        </technique>
      </profile_COMMON>
    </effect>
  </library_effects>
  <library_images>
    <image id="BGLSPIKEH_png" name="BGLSPIKEH_png">
      <init_from>BGLSPIKEH.png</init_from>
    </image>
    <image id="BGLSPIKE_png" name="BGLSPIKE_png">
      <init_from>BGLSPIKE.png</init_from>
    </image>
    <image id="BGLUNDER_png" name="BGLUNDER_png">
      <init_from>BGLUNDER.png</init_from>
    </image>
    <image id="BGLWEEL_png" name="BGLWEEL_png">
      <init_from>BGLWEEL.png</init_from>
    </image>
    <image id="DRSKY_png" name="DRSKY_png">
      <init_from>DRSKY.png</init_from>
    </image>
    <image id="MURKHW_png" name="MURKHW_png">
      <init_from>MURKHW.png</init_from>
    </image>
    <image id="MURKSW_png" name="MURKSW_png">
      <init_from>MURKSW.png</init_from>
    </image>
    <image id="greebot_png" name="greebot_png">
      <init_from>greebot.png</init_from>
    </image>
    <image id="greenose_png" name="greenose_png">
      <init_from>greenose.png</init_from>
    </image>
    <image id="greeside_png" name="greeside_png">
      <init_from>greeside.png</init_from>
    </image>
    <image id="greetop_png" name="greetop_png">
      <init_from>greetop.png</init_from>
    </image>
  </library_images>
  <library_materials>
    <material id="BGLSPIKE-material" name="BGLSPIKE">
      <instance_effect url="#BGLSPIKE-effect"/>
    </material>
    <material id="BGLSPIKEH-material" name="BGLSPIKEH">
      <instance_effect url="#BGLSPIKEH-effect"/>
    </material>
    <material id="BGLUNDER-material" name="BGLUNDER">
      <instance_effect url="#BGLUNDER-effect"/>
    </material>
    <material id="DRSKY-material" name="DRSKY">
      <instance_effect url="#DRSKY-effect"/>
    </material>
    <material id="GREEBOT-material" name="GREEBOT">
      <instance_effect url="#GREEBOT-effect"/>
    </material>
    <material id="GREENOSE-material" name="GREENOSE">
      <instance_effect url="#GREENOSE-effect"/>
    </material>
    <material id="GREESIDE-material" name="GREESIDE">
      <instance_effect url="#GREESIDE-effect"/>
    </material>
    <material id="GREETOP-material" name="GREETOP">
      <instance_effect url="#GREETOP-effect"/>
    </material>
    <material id="MURKHW-material" name="MURKHW">
      <instance_effect url="#MURKHW-effect"/>
    </material>
    <material id="MURKSW-material" name="MURKSW">
      <instance_effect url="#MURKSW-effect"/>
    </material>
    <material id="BGLWEEL-material" name="BGLWEEL">
      <instance_effect url="#BGLWEEL-effect"/>
    </material>
  </library_materials>
  <library_geometries>
    <geometry id="Mesh_005-mesh" name="Mesh.005">
      <mesh>
        <source id="Mesh_005-mesh-positions">
          <float_array id="Mesh_005-mesh-positions-array" count="516">-0.159832 -0.253694 0.05193799 -0.159832 -0.253694 0.100346 0.159771 -0.253695 0.100346 -0.153438 -0.253694 0.02568697 0.159771 -0.253695 0.05193799 0.15338 -0.253695 0.02568697 -0.1490589 -0.09588199 0.02885097 -0.1595299 -0.09588199 0.104151 -0.1595299 -0.09588199 0.04483598 0.159469 -0.09588199 0.04483598 0.159469 -0.09588193 0.104151 0.148998 -0.09588199 0.02885097 -0.166199 -0.207309 0.152386 0.166138 -0.2073079 0.152386 -0.166199 -0.144116 0.152385 0.166139 -0.1441159 0.152385 -0.157734 0.224811 0.02885097 -0.180751 0.224811 0.1059269 0.1806859 0.224811 0.1059269 0.15767 0.224811 0.02885097 -0.180751 0.224811 0.04483693 0.180687 0.224811 0.04483693 -0.179013 0.385488 0.03548598 0.1789489 0.385489 0.03548598 0.17895 0.385421 0.1060259 -0.179013 0.38542 0.1060259 0.1789489 0.337364 0.1535919 -0.179013 0.337365 0.1535919 0.17895 0.27253 0.153737 -0.179014 0.27253 0.153737 -0.07007598 -0.26141 0.032494 -0.07007598 -0.26141 0.109934 -0.07007598 -0.2050279 0.148873 0.06987202 -0.2050279 0.148873 0.06987202 -0.26141 0.109934 0.06987202 -0.26141 0.032494 0.06987196 -0.08012998 0.03249394 -0.07007598 -0.08012998 0.03249394 -0.07007598 -0.09605896 0.148873 0.06987196 -0.09605896 0.148873 -0.07007604 0.388926 0.03859096 -0.07007598 0.232425 0.150545 -0.07007604 0.388926 0.150545 0.06987196 0.205875 0.03328096 0.06987196 0.388926 0.03859096 0.06987196 0.232425 0.150545 -0.07007598 0.2058749 0.03328096 0.06987196 0.388926 0.150545 -0.08265101 0.1495299 0.150556 -0.06334996 0.05056399 0.146483 -0.05318295 0.102007 0.183817 -0.01583999 0.02099198 0.1453599 -0.01682496 0.102007 0.183817 -0.06382399 0.144345 0.190909 0.05311995 0.102007 0.183817 0.06328594 0.05056399 0.146483 0.08258694 0.14953 0.150556 0.01577597 0.02099198 0.1453599 0.01676195 0.102007 0.183817 0.06375998 0.144345 0.190909 -0.09813201 0.460692 0.1457369 -0.02563601 0.462622 0.152067 -0.115698 0.460697 0.124199 -0.115698 0.484094 0.124109 -0.155971 0.460696 0.124199 0.1156339 0.460697 0.124199 0.02557194 0.462622 0.152067 0.09806692 0.460692 0.1457369 0.1559069 0.460697 0.124199 0.1156339 0.484094 0.124109 -0.115698 0.483766 0.07116794 -0.155971 0.460368 0.06003695 0.1559069 0.460369 0.06003695 0.1156339 0.483766 0.07116794 -0.13514 -0.326658 0.04985898 -0.1383019 -0.30971 0.02563601 -0.06035995 -0.352358 0.04985898 -0.06035995 -0.350026 0.08807498 0.135079 -0.326658 0.04985898 0.132636 -0.330156 0.08807498 0.06029897 -0.350026 0.08807498 0.06032299 -0.352358 0.04985898 0.06034803 -0.32958 0.02563601 0.138243 -0.30971 0.02563601 -0.06035995 -0.32958 0.02563601 -0.1326969 -0.330156 0.08807498 0.150377 0.113104 0.02885097 -0.149491 0.1131039 0.02885097 -0.155905 -0.144116 0.168029 -0.1461399 -0.08936399 0.119143 -0.155905 -0.207309 0.168029 -0.168815 0.2154279 0.119143 -0.167192 0.272385 0.1742659 -0.167192 0.33722 0.174121 -0.167192 0.412085 0.1171709 -0.159585 0.113103 0.04483598 -0.159585 0.108107 0.103825 -0.147716 0.105781 0.119143 0.148087 0.106763 0.119143 0.146079 -0.08936399 0.119143 0.160471 0.108106 0.103825 0.160471 0.113103 0.04483598 0.155844 -0.1441159 0.168029 0.155844 -0.2073079 0.168029 0.1687499 0.215428 0.119143 0.1671289 0.272385 0.1742659 0.1671279 0.337219 0.174121 0.1671279 0.412086 0.1171709 -7.70423e-5 0.483706 0.271283 -7.70423e-5 0.483706 0.109587 -7.69819e-5 -0.206906 0.109587 -7.69819e-5 -0.206906 0.271283 -0.117321 0.193668 0.119143 -0.136315 0.197795 0.119143 -0.1108689 -0.08936399 0.119143 -0.07859998 -0.130102 0.155463 -0.07859998 -0.144116 0.168029 -0.07859998 -0.2073079 0.168029 -0.06035995 -0.144116 0.157636 -0.06035995 -0.207309 0.152386 0.06029897 -0.2073079 0.152386 0.06029999 -0.144116 0.157636 -0.07446402 0.1866829 0.1980019 -0.05182397 0.226678 0.182976 -0.08588099 0.215124 0.1835319 -0.09998601 0.197162 0.134849 -0.116498 0.227804 0.183972 -0.09750401 0.224426 0.183972 -0.123957 0.27238 0.215749 -0.148225 0.272385 0.186509 -0.09813302 0.272381 0.223339 -0.123957 0.337215 0.215604 -0.148225 0.33722 0.1863639 -0.134692 0.412086 0.1171709 -0.05245298 0.274631 0.222343 -0.05245202 0.339465 0.222198 -0.02563703 0.27431 0.202135 -0.02500802 0.226357 0.162768 -0.02563601 0.339144 0.20199 -0.05289399 0.140476 0.20599 -0.04416 0.100029 0.195625 -0.02584797 0.100029 0.195625 -7.70163e-5 0.1866829 0.1980019 -0.01711398 0.140476 0.20599 0.117258 0.193668 0.119143 0.110808 -0.08936399 0.119143 0.1362519 0.197795 0.119143 0.07853901 -0.1301019 0.155463 0.07853901 -0.1441159 0.168029 0.07853901 -0.2073069 0.168029 0.08581697 0.215125 0.1835319 0.05175995 0.226678 0.182976 0.07440096 0.186683 0.1980019 0.09992194 0.197162 0.134849 0.123893 0.272381 0.215749 0.09743994 0.224427 0.183972 0.116433 0.227803 0.183972 0.1481609 0.272385 0.186509 0.123893 0.337215 0.215604 0.09806895 0.27238 0.223339 0.1481599 0.337219 0.1863639 0.134629 0.412086 0.1171709 0.05238896 0.274631 0.222343 0.05238795 0.339466 0.222198 0.02557295 0.274311 0.202135 0.02494394 0.226356 0.162768 0.02557295 0.339144 0.20199 0.02578395 0.100029 0.195625 0.04409694 0.100029 0.195625 0.05283099 0.140476 0.20599 0.01704996 0.140476 0.20599 0.01676094 0.102007 0.183817</float_array>
          <technique_common>
            <accessor source="#Mesh_005-mesh-positions-array" count="172" stride="3">
              <param name="X" type="float"/>
              <param name="Y" type="float"/>
              <param name="Z" type="float"/>
            </accessor>
          </technique_common>
        </source>
        <source id="Mesh_005-mesh-normals">
          <float_array id="Mesh_005-mesh-normals-array" count="816">3.06691e-6 1 -4.7133e-7 2.95917e-6 0.9306056 -0.3660235 6.85748e-7 0.9305979 -0.3660433 2.993e-6 1 0 3.16813e-6 1 3.85391e-7 3.20541e-6 1 8.96139e-7 0 -1 0 0 -0.9190347 -0.3941769 0 -1 0 -1.91757e-7 -1 3.74877e-7 0 -0.9190382 -0.3941688 0 -1 0 9.11312e-7 0.3967666 -0.9179195 -1.22247e-6 0.3967766 -0.9179154 0 -0.3704006 -0.9288722 0 -0.3704127 -0.9288674 0 1 0 0 0.9253592 -0.3790916 0 0.9253542 -0.3791037 0 1 0 0 1 0 2.97658e-6 -0.9999995 -9.64244e-4 2.83067e-6 -0.9999996 -9.64066e-4 2.69075e-6 -0.9227069 -0.3855026 8.34328e-7 -0.9227132 -0.3854871 8.39824e-7 -0.3813413 -0.9244343 -1.05263e-6 -0.3813556 -0.9244284 0 0.3852105 -0.9228289 0 0.3852078 -0.9228299 -1 -1.45526e-7 0 -1 -5.33254e-7 0 -1 -1.46352e-7 0 1 0 0 1 -2.13302e-7 0 1 0 0 1 0 0 -1 0 0 -1 -1.46877e-7 0 1 0 0 -1 0 0 -1 0 0 -1 0 0 1 0 0 1 0 0 1 0 0 -1 -1.5013e-7 0 1 0 0 -0.8698068 -0.2361487 0.4332088 -0.04342395 -0.7092717 0.7035965 -0.5920971 -0.1041935 0.7991024 -0.1027563 -0.4648164 0.8794243 0 -0.4288282 0.9033861 -0.8822459 -0.2845634 0.3750544 0.5870413 -0.336245 0.7364251 0.4744614 -0.4536973 0.7543509 0.869813 -0.2361393 0.4332017 0.03391492 -0.5154723 0.8562349 -1.62565e-7 -0.4288283 0.9033861 0.8822498 -0.2845449 0.3750594 -0.3437547 0.787477 0.5115786 -0.01476657 0.8597429 0.5105135 -0.6445958 0.5836313 0.493833 7.34759e-7 -0.03688818 0.9993195 -1.97363e-7 0.003846704 0.9999926 2.66252e-6 -0.1099906 0.9939327 0.6360953 0.573811 0.515872 0.01353317 0.8582723 0.5130162 0.3676685 0.7954167 0.4818012 1.5949e-7 -0.109989 0.9939329 0 0.003846704 0.9999926 0 -0.03688806 0.9993195 -0.2597912 0.9656481 -0.005691587 -0.2777196 0.9606437 -0.005951762 -0.8221023 0.5693312 -0.00313133 -0.782798 0.6220803 0.01560598 0.8220978 0.5693377 -0.00313133 0.2777059 0.9606478 -0.005951821 0.2597866 0.9656493 -0.005691587 0.7829502 0.621895 0.01535844 -0.6592235 -0.7188261 -0.2207112 -0.7550983 -0.534682 -0.3793967 -0.164767 -0.9332121 -0.3193228 -0.1170276 -0.8490047 0.5152627 0.6467769 -0.7318558 -0.214632 0.4667752 -0.802803 0.3709829 0.07703751 -0.8390663 0.5385471 0.1454691 -0.912527 -0.382274 0.06113946 -0.7271717 -0.6837276 0.7551695 -0.5346899 -0.3792439 -0.09168154 -0.7254338 -0.6821586 -0.6071193 -0.7582075 0.2377551 2.49254e-4 9.77653e-4 -0.9999996 1.18799e-4 8.17657e-4 -0.9999998 3.74373e-5 7.17871e-4 -0.9999998 -2.49358e-4 9.781e-4 -0.9999995 -1.1887e-4 8.17645e-4 -0.9999998 -2.49479e-4 9.7772e-4 -0.9999995 -1.34401e-6 0.4296035 -0.9030178 -3.76347e-6 0.3713022 -0.9285122 0 0.371331 -0.9285006 0 0.4295899 -0.9030241 -9.82661e-7 0.3115524 -0.9502291 -8.84255e-7 0.3115532 -0.9502288 0 0 -1 0 0 -1 0 0 -1 0 0 -1 0 0 -1 0 0 -1 0 0 -1 0 0 -1 0 0 -1 0 0.02899605 -0.9995796 0 0.02899605 -0.9995796 0 0.02899605 -0.9995796 0 0.02899605 -0.9995796 -0.4353632 0.330888 0.8372407 -0.4664685 0.2030266 0.8609225 -0.9131069 0.174223 0.3686221 -0.7877015 0.3329687 0.5183225 -0.4593073 -0.2183321 0.8610273 -0.8583915 -0.2809707 0.4292081 -0.9397983 -0.2537329 -0.2289081 -0.9481369 -0.2983819 -0.1095663 -0.9371181 -0.3399949 0.07882344 -0.8363995 -0.2792541 0.4716494 -0.9152563 -0.2459291 0.3191002 -0.6097285 -0.3836497 0.6935734 -0.6589781 -0.3109884 0.6848607 -0.8338587 0.2688909 0.4820554 -0.700602 0.2508419 0.6680084 -0.8854572 0.3785033 0.2696307 -0.8085203 0.4674523 0.357468 -0.8827839 -0.1629503 -0.4406129 -0.7199621 -0.0866084 -0.6885882 -0.9691707 -0.07878667 -0.2334544 -0.9593843 -0.002899527 -0.2820878 -0.8423506 -0.02140611 -0.5385048 -0.8365063 -0.001729249 -0.5479548 -0.9383819 -0.094446 0.3324447 -0.4243961 -0.03957307 0.9046116 -0.9517557 0.3059622 0.02342003 0.4119914 -0.0402525 0.9102982 0.4517875 0.3503546 0.8204509 0.9369069 -0.09515404 0.3363795 0.914292 0.1807262 0.3625029 0.9581884 -0.009548842 -0.2859789 0.9282296 -0.06140059 -0.3669056 0.84236 -0.02159547 -0.5384824 0.9096869 -0.2451856 0.335192 0.8847655 -0.1541842 -0.4397925 0.7203074 -0.08054226 -0.6889631 0.4369846 0.3303121 0.8366232 0.787675 0.3329867 0.5183513 0.4682413 -0.2197025 0.855851 0.858388 -0.2809777 0.4292107 0.9481387 -0.2983929 -0.1095207 0.9371159 -0.339998 0.07883632 0.6144388 -0.3807324 0.6910194 0.8364122 -0.2792557 0.4716259 0.6722589 -0.3111011 0.6717769 0.8338636 0.2688775 0.4820544 0.691735 0.2328914 0.6835674 0.8854496 0.3785105 0.2696459 0.8075301 0.4660944 0.3614572 0.9517523 0.3059732 0.02341449 0.8364951 -0.00551939 -0.5479467 0.9398164 -0.253759 -0.2288047 -1 0 0 -1 0 0 -1 0 0 -1 0 0 -0.1332279 -0.5641218 0.8148724 -0.1883421 -0.3994197 0.897213 -0.02423852 0.4766692 0.8787485 0.05128127 0.6735607 0.7373508 0.2218763 0.3343161 0.9159715 0.3082641 -0.1949591 0.9311091 0.5382934 0.2341275 0.809583 0.6384932 -0.1950341 0.7445054 1.14361e-6 -0.2504373 0.9681328 2.13955e-6 -0.2504348 0.9681336 -0.003220021 0.004504919 0.9999848 0.02524977 0.03794205 0.998961 -0.5549077 0.09021693 0.8270057 -0.1947973 0.5906498 0.7830625 -0.6749531 0.09400999 0.7318473 -0.2018227 0.04678487 0.978304 0.099047 0.04562354 0.9940363 0.01988434 0.06879961 0.9974324 -0.6696588 -0.01526558 0.7425121 -0.5259503 -0.04513496 0.8493168 -0.820297 -0.124877 0.5581386 -0.3305773 -0.7088785 0.6230649 -0.2020176 -0.6725509 0.7119439 -0.5102594 -0.3110408 0.8018035 -0.6627159 -0.3081105 0.6825509 -0.1186649 -0.3067747 0.9443558 -0.4744638 0.2583051 0.841524 -0.6232078 0.3233185 0.7120935 -0.5470111 0.5166774 0.6586527 3.78052e-6 -0.1430897 0.9897097 4.10502e-6 -0.1430896 0.9897097 -0.7801172 -0.1209694 0.6138271 -0.265 -0.3736847 0.8888952 -0.3594809 -0.782519 0.5083676 0.4695947 -0.5947884 0.6524627 -0.03007316 0.06604564 0.9973633 0.3050329 -0.2998347 0.9039104 0.1700568 0.2431805 0.9549576 0.3187959 -0.3407886 0.884439 0.5136506 -0.5226019 0.680478 0.3776308 0.1898326 0.9062884 -0.4052263 -0.2092133 0.8899558 -0.4004252 -0.3076553 0.8631384 0.2864837 -0.2954172 0.9114032 -0.01155006 0.3901239 0.92069 0.07536637 -0.03602516 0.996505 -0.8361843 -0.2902794 0.4653318 0 -0.9862582 -0.1652118 0 -0.9862581 -0.165212 0 -0.9862583 -0.1652115 0 -0.9862583 -0.1652111 0.3878306 -0.4580985 0.7998332 -0.7875371 -0.3032956 0.5364674 -0.02524083 0.6218224 0.7827514 0.1348426 -0.5644968 0.8143469 0.0174815 0.3954472 0.9183224 0.1883811 -0.3993748 0.8972249 -0.0543282 0.649688 0.7582572 -0.2218859 0.3343148 0.9159696 -0.2703902 -0.2336613 0.9339655 -0.5041707 0.1849601 0.8435649 -0.6384931 -0.1950298 0.7445065 0.7805366 -0.006256818 0.6250789 -0.1069357 0.5349611 0.838082 0.4783457 0.05610114 0.8763779 -0.09903186 0.04561001 0.9940385 0.2089059 0.07269769 0.97523 0.8087604 -0.1060035 0.5785066 0.7273684 0.0180248 0.6860105 0.6696388 -0.01526027 0.7425302 0.5052444 -0.3113392 0.8048577 0.181366 -0.6986805 0.6920636 0.3301832 -0.7022031 0.6307851 0.6621701 -0.3102444 0.6821138 0.4558634 0.2523912 0.8535147 0.117124 -0.3062463 0.9447197 0.6720893 0.2783129 0.6861763 0.5702416 0.5292178 0.6282938 3.49485e-7 -0.1430886 0.9897099 5.8345e-7 -0.1430885 0.98971 0.7927313 -0.1236132 0.5969061 0.4154916 -0.7862325 0.4573897 0.2653287 -0.373575 0.8888433 -0.2915151 -0.5677059 0.769889 -0.3050379 -0.2998356 0.9039084 -0.2058854 0.1772156 0.9623959 -0.3187937 -0.3407698 0.884447 -0.2192212 -0.6173545 0.7555235 -0.303982 0.1372123 0.9427449 -0.4004197 -0.3076551 0.863141 0.4004252 -0.3076556 0.8631384 0.3835882 -0.2099201 0.8993296 -0.05969297 -0.1187967 0.9911227 0.8370065 -0.2881016 0.4652071 0 -0.9862582 -0.1652122 0 -0.9862582 -0.1652117 0 -0.986258 -0.1652126 -0.3878212 -0.4581009 0.7998364 0.7875439 -0.3032913 0.5364599 -0.2458342 0.7257177 0.6425725</float_array>
          <technique_common>
            <accessor source="#Mesh_005-mesh-normals-array" count="272" stride="3">
              <param name="X" type="float"/>
              <param name="Y" type="float"/>
              <param name="Z" type="float"/>
            </accessor>
          </technique_common>
        </source>
        <source id="Mesh_005-mesh-map-0">
          <float_array id="Mesh_005-mesh-map-0-array" count="1860">0.9999936 0.2071918 0.9999936 0.5892627 1 0.5892627 0.9999936 0 1 0.2071918 1 0 0 0.02497261 0 0.6192945 0 0.1511377 0 0.1511377 0 0.6192945 0 0.02497261 0 0.02497261 0 0.02497261 0 0.6192945 0 0.6192945 0 0.02497261 0 0.6192945 0.9999936 0.5892627 0.7060697 1 1 0.5892627 1 0.5892627 0.7060697 1 0.7060634 1 0.7060634 1 0.7060697 1 0.3056402 0.9999921 0.7060634 1 0.3056402 0.9999921 0.3056402 0.9999921 0 0.6192945 0.3056402 0.9999921 0.3056402 0.9999921 0 0.6192945 0.3056402 0.9999921 0 0.6192945 0.9999936 0 1 0.5892627 1 0.2071918 0.9999936 0 0.9999936 0.2071918 1 0.5892627 1 0 1 0.6171709 1 0.6171709 1 0 1 0 1 0.6171709 1 0.6171709 1 0 1 0.1280046 1 0.1280046 1 0 1 0.6171709 6.19888e-6 0.05312842 0 0.05312842 4.23193e-4 0.6179636 6.19888e-6 0.05312842 4.23193e-4 0.6179636 4.29392e-4 0.6179636 4.29392e-4 0.6179636 4.23193e-4 0.6179636 0.2995122 0.998839 4.29392e-4 0.6179636 0.2995122 0.998839 0.299506 0.998839 0.299506 0.998839 0.2995122 0.998839 0.7030149 1 0.7030149 1 0.7030149 1 0.299506 0.998839 1 0.6171709 0.7030149 1 0.7030149 1 1 0.6171709 0.7030149 1 1 0.6171709 1 0 1 0.6654121 0.6889783 1 0.6889783 1 1 0.6654121 1 0 1 0 0 0 0.6889783 1 0 0 0.6889783 1 0.08786952 1 0.6889783 1 0 0 1 0 0 0 0.08786952 1 0.6889783 1 1.19209e-7 0.04528248 0.8549585 1 1.19209e-7 1 1 0 1.19209e-7 0.04528248 0.8549585 1 0.8549585 1 1.19209e-7 0.04528248 1 0 1.19209e-7 0.04528248 1.19209e-7 1 0.8549585 1 0 0.1140749 0.7699357 0.0246548 0.3697194 0.8442996 0.3697194 0.8442996 0.7699357 0.0246548 1 0 0.3697194 0.8442996 1 0 0.3697194 0.8442996 0.04033821 1 0 0.1140749 0.3697194 0.8442996 0.3697194 0.8442996 0.7699357 0.0246548 0 0.1140749 1 0 0.7699357 0.0246548 0.3697194 0.8442996 0.3697194 0.8442996 1 0 0.3697194 0.8442996 0.3697194 0.8442996 0 0.1140749 0.04033821 1 0.3697194 0.8442996 1 0 1 0 1 0 0.3697194 0.8442996 0.3697194 0.8442996 0.8145461 0.931218 0.5820962 1 0.8708694 0.6971857 0.8708694 0.6971857 0.8708694 0.6962078 1 0.6971857 0.1291306 0.6971857 0.4179038 1 0.1854571 0.931218 0 0.6971857 0.1291306 0.6962078 0.1291306 0.6971857 0.1291306 0.6971857 0.1291306 0.6962078 0.8708694 0.6962078 0.8708694 0.6962078 0.8708694 0.6971857 0.1291306 0.6971857 0.4179038 1 0.8708694 0.6971857 0.5820962 1 0.8708694 0.6971857 0.4179038 1 0.1291306 0.6971857 0.8708694 0.6962078 0.8708694 0.1209497 1 0 0.8708694 0.6962078 1 0 1 0.6971857 0 0 0.1291306 0.1209497 0.1291306 0.6962078 0 0.6971857 0 0 0.1291306 0.6962078 0.1291306 0.6962078 0.1291306 0.1209497 0.8708694 0.1209497 0.8708694 0.1209497 0.8708694 0.6962078 0.1291306 0.6962078 0.01143389 0.3879466 0 0 0.281842 0.3879466 0.281842 0.3879466 0.281842 1 0.01143389 0.3879466 0.9885588 0.3879466 0.9797248 1 0.7181507 1 0.7182375 0.3879466 0.7183279 0 1 0 0.7182375 0.3879466 0.7181507 1 0.281842 1 0.281842 0.3879466 0.281842 0 0.7183279 0 0.9885588 0.3879466 0.7181507 1 0.7182375 0.3879466 0.7182375 0.3879466 1 0 0.9885588 0.3879466 0.7182375 0.3879466 0.281842 1 0.281842 0.3879466 0 0 0.281842 0 0.281842 0.3879466 0.281842 0.3879466 0.7183279 0 0.7182375 0.3879466 0.281842 1 0.0202679 1 0.01143389 0.3879466 0.8862701 0.02443003 0.9285538 0.09330105 0.6685318 0 0.3313229 0 0.07142937 0.0932998 0.113716 0.02443003 0.07142937 0.0932998 0.3313229 0 0.6685318 0 0.6685318 0 0.9285538 0.09330105 0.07142937 0.0932998 0.1768763 1 0.06436991 0.9712336 0.93563 0.9712324 0.93563 0.9712324 0.8231237 1 0.1768763 1 0.06436991 0.9712336 0 0.8791695 0.93563 0.9712324 0.93563 0.9712324 0 0.8791695 1 0.8791683 0.07981848 0.5442752 0.08367085 0.2873292 0.9163207 0.2873292 0.05944484 0.6816177 0.9175276 0.5442752 0.9405551 0.6816177 0.07981848 0.5442752 0.9163207 0.2873292 0.9175276 0.5442752 0.9175276 0.5442752 0.05944484 0.6816177 0.07981848 0.5442752 0.3199999 0.93 0.6686783 0.93 0.6686783 0.6758136 0.3199999 0.93 0.6686783 0.6758136 0.3199999 0.6758136 0.6686783 0.93 0.3199999 0.93 0.3199999 0.6758135 0.6686783 0.93 0.3199999 0.6758135 0.6686783 0.6758135 0.76476 0.9580368 0.6955284 0.629126 0.7037701 0.5282581 0.7037701 0.5282581 0.76476 0.8527821 0.76476 0.9580368 0.8446649 0.9580368 0.76476 0.9580368 0.76476 0.8527821 0.76476 0.8527821 0.8446649 0.8527888 0.8446649 0.9580368 1 0.4200969 0.8446649 0.9580368 0.8446649 0.8527888 0.9033169 3.43144e-4 0.9741469 0 0.9033169 0.1769629 0.9955769 0.1629751 1 0.4200969 0.9033169 0.5026576 1 0.4200969 0.8446649 0.8527888 0.9033169 0.5026576 0.2379282 0.8618785 0.298267 0.5402073 0.3101314 0.629126 0.3101314 0.629126 0.2381116 1 0.2379282 0.8618785 0.155947 0.8609029 0.2379282 0.8618785 0.2381116 1 0.2381116 1 0.1561303 0.9990245 0.155947 0.8609029 0.09518343 0.5408733 0.155947 0.8609029 0.1561303 0.9990245 0.1561303 0.9990245 0.06146663 0.6158582 0.09518343 0.5408733 0.298267 0.1291865 0.298267 0.02163094 0.4395171 0.1291798 0.7037701 0.1291798 0.4395159 0.02163094 0.7037701 0.02163094 0.4458343 0.5260648 0.4487755 0.629126 0.3101314 0.629126 0.4458343 0.5260648 0.7037701 0.1291798 0.7037701 0.5282581 0.298267 0.1291865 0.4458343 0.5260648 0.298267 0.5402073 0.4458343 0.5260648 0.4395171 0.1291798 0.7037701 0.1291798 0.4458343 0.5260648 0.7037701 0.5282581 0.6955284 0.629126 0.298267 0.5402073 0.4458343 0.5260648 0.3101314 0.629126 0.09509742 0.06627196 0.09518343 0.5408733 0.06146663 0.6158582 0 0.6631434 4.14759e-4 0.2314539 0.09509742 0.06627196 0.06146663 0.6158582 0 0.6631434 0.09509742 0.06627196 0.4395171 0.1291798 0.298267 0.02163094 0.4395159 0.02163094 0.4458343 0.5260648 0.298267 0.1291865 0.4395171 0.1291798 0.4395159 0.02163094 0.7037701 0.1291798 0.4395171 0.1291798 0.4458343 0.5260648 0.6955284 0.629126 0.4487755 0.629126 0.9955769 0.1629751 0.9033169 0.5026576 0.9033169 0.1769629 0.9033169 0.1769629 0.9741469 0 0.9955769 0.1629751 0.4475345 0.629126 0.6955288 0.629126 0.4458363 0.5260648 0.7037705 0.5282581 0.7037705 0.1291798 0.4458363 0.5260648 0.4395178 0.1291798 0.7037705 0.1291798 0.4395166 0.02163094 0.2982679 0.5402073 0.4458363 0.5260648 0.2982679 0.1291865 0.4395166 0.02163094 0.2982679 0.02163094 0.4395178 0.1291798 0.4395178 0.1291798 0.2982679 0.1291865 0.4458363 0.5260648 0.6955288 0.629126 0.7037705 0.5282581 0.4458363 0.5260648 0.7037705 0.5282581 0.6955288 0.629126 0.7647603 0.9580368 0.7647603 0.9580368 0.7647603 0.8527821 0.7037705 0.5282581 0.7647603 0.8527821 0.7647603 0.9580368 0.8446639 0.9580368 0.8446639 0.9580368 0.8446639 0.8527888 0.7647603 0.8527821 0.8446639 0.8527888 0.8446639 0.9580368 1 0.4200969 0.9033183 0.1769629 0.9033183 0.5026576 0.995577 0.1629751 0.995577 0.1629751 0.9741469 0 0.9033183 0.1769629 0.9033183 0.5026576 0.8446639 0.8527888 1 0.4200969 0.3101322 0.629126 0.4458363 0.5260648 0.2982679 0.5402073 0.3101322 0.629126 0.2982679 0.5402073 0.2379292 0.8618785 0.2379292 0.8618785 0.2381125 1 0.3101322 0.629126 0.2381125 1 0.2379292 0.8618785 0.1559493 0.8609029 0.1559493 0.8609029 0.1561326 0.9990245 0.2381125 1 0.1561326 0.9990245 0.1559493 0.8609029 0.09518331 0.5408733 0.09518331 0.5408733 0.06146651 0.6158582 0.1561326 0.9990245 0.09509736 0.06627196 4.14759e-4 0.2314539 0 0.6631434 0.09509736 0.06627196 0 0.6631434 0.06146651 0.6158582 0.06146651 0.6158582 0.09518331 0.5408733 0.09509736 0.06627196 0.7037705 0.02163094 0.4395166 0.02163094 0.7037705 0.1291798 0.4395178 0.1291798 0.2982679 0.02163094 0.2982679 0.1291865 0.7037705 0.1291798 0.4395178 0.1291798 0.4458363 0.5260648 0.3101322 0.629126 0.4475345 0.629126 0.4458363 0.5260648 0.9033183 0.1769629 0.9741469 0 0.9033183 3.43144e-4 0.9033183 0.5026576 1 0.4200969 0.995577 0.1629751 0 1 0 0 1 0 0 1 1 0 1 1 0.8474546 0.33096 0.9037223 0.3258816 0.9374965 0.439109 0.9374965 0.439109 0.9328277 0.6792436 0.8283413 0.6792436 0.7327477 0.7293736 0.8283413 0.6792436 0.9328277 0.6792436 0.7327477 0.7466185 0.9617555 0.7466185 0.9617555 0.8243803 0.9617555 0.8243803 0.7327477 0.824379 0.7327477 0.7466185 0.7327477 0.7293736 0.7327477 0.7466185 0.6787137 0.7466185 0.6787137 0.7466185 0.7327477 0.7466185 0.7327477 0.824379 0.7327477 0.824379 0.6787137 0.8243803 0.6787137 0.7466185 0.6787137 1 0.3212744 0.824379 0.6787137 0.8243803 0.3212744 0.824379 0.6787137 0.7466185 0.6787137 0.8243803 0.3212744 0.824379 0.3212715 0.7466185 0.6787137 0.7466185 0.6787137 1 0.9617555 0.8243803 0.8930043 0.9755491 0.7327477 0.824379 0.9617555 0.8243803 0.6787137 1 0.6787137 0.8243803 0.7327477 0.824379 0.6787137 1 0.7327477 0.7293736 0.9328277 0.6792436 0.9617555 0.7466185 0.9617555 0.7466185 0.7327477 0.7466185 0.7327477 0.7293736 0.7204954 0.3395554 0.6534268 0.2903397 0.7543169 0.3045575 0.7327477 0.7293736 0.6787137 0.7466185 0.6875713 0.5070559 0.546828 0.5434456 0.6787137 0.7466185 0.3212715 0.7466185 0.8474546 0.33096 0.8283413 0.6792436 0.7961015 0.3266605 0.8450165 0.2889541 0.7887489 0.2931109 0.867113 0.2341013 0.9390043 0.2340952 0.9951921 0.2340952 0.9037223 0.3258816 0.867113 0.2341013 0.7906122 0.2341001 0.867113 0.1543189 0.9390043 0.1543127 0.9951921 0.1543127 0.9390043 0.2340952 0.8989143 0.06218683 0.9951921 0.06218808 0.9390043 0.1543127 0.8426466 0.002368807 0.961951 0.002370059 0.8989143 0.06218683 0.9374965 0.439109 0.8283413 0.6792436 0.8474546 0.33096 0.9951921 0.2340952 1 0.3041834 0.9037223 0.3258816 0.7887489 0.2931109 0.7906122 0.2341001 0.867113 0.2341013 0.9951921 0.1543127 0.9951921 0.2340952 0.9390043 0.2340952 0.9951921 0.06218808 0.9951921 0.1543127 0.9390043 0.1543127 0.867113 0.1543189 0.7906093 0.002375006 0.8989143 0.06218683 0.961951 0.002370059 0.9951921 0.06218808 0.8989143 0.06218683 0.8450165 0.2889541 0.9037223 0.3258816 0.8474546 0.33096 0.8474546 0.33096 0.7887489 0.2931109 0.8450165 0.2889541 0.9390043 0.2340952 0.9037223 0.3258816 0.8450165 0.2889541 0.8450165 0.2889541 0.867113 0.2341013 0.9390043 0.2340952 0.867113 0.1543189 0.9390043 0.1543127 0.9390043 0.2340952 0.9390043 0.2340952 0.867113 0.2341013 0.867113 0.1543189 0.9390043 0.1543127 0.867113 0.1543189 0.8989143 0.06218683 0.7906093 0.002375006 0.8426466 0.002368807 0.8989143 0.06218683 0.8283413 0.6792436 0.7327477 0.7293736 0.7447484 0.3852738 0.6875713 0.5070559 0.7447484 0.3852738 0.7327477 0.7293736 0.7961015 0.3266605 0.7447484 0.3852738 0.7543169 0.3045575 0.7543169 0.3045575 0.7887489 0.2931109 0.7961015 0.3266605 0.7543169 0.3045575 0.6534268 0.2903397 0.7887489 0.2931109 0.7447484 0.3852738 0.7204954 0.3395554 0.7543169 0.3045575 0.7961015 0.3266605 0.8283413 0.6792436 0.7447484 0.3852738 0.7887489 0.2931109 0.8474546 0.33096 0.7961015 0.3266605 0.546828 0.5434456 0.3212715 0.7466185 0.453169 0.5434456 0.6875713 0.5070559 0.6787137 0.7466185 0.546828 0.5434456 0.6552901 0.2313314 0.7906122 0.2341001 0.7887489 0.2931109 0.7887489 0.2931109 0.6534268 0.2903397 0.6552901 0.2313314 0.6552872 0.1515502 0.867113 0.1543189 0.7906122 0.2341001 0.7906122 0.2341001 0.6552901 0.2313314 0.6552872 0.1515502 0.5758476 0 0.7906093 0.002375006 0.867113 0.1543189 0.867113 0.1543189 0.6552872 0.1515502 0.5758476 0 0.5758506 0.2317264 0.6552901 0.2313314 0.6534268 0.2903397 0.6534268 0.2903397 0.5739873 0.2907347 0.5758506 0.2317264 0.5758476 0.1519452 0.6552872 0.1515502 0.6552901 0.2313314 0.6552901 0.2313314 0.5758506 0.2317264 0.5758476 0.1519452 0.6552872 0.1515502 0.5758476 0.1519452 0.5758476 0 0.6565965 0.3964152 0.630723 0.446187 0.5764756 0.446187 0.5001319 0.3395554 0.7204954 0.3395554 0.5506021 0.3964152 0.7204954 0.3395554 0.6889755 0.3916542 0.6565965 0.3964152 0.630723 0.446187 0.6574527 0.443753 0.549746 0.443753 0.549746 0.443753 0.5764756 0.446187 0.630723 0.446187 0.5764756 0.446187 0.549746 0.443753 0.5506021 0.3964152 0.6565965 0.3964152 0.5764756 0.446187 0.5506021 0.3964152 0.6574527 0.443753 0.630723 0.446187 0.6565965 0.3964152 0.5506021 0.3964152 0.7204954 0.3395554 0.6565965 0.3964152 0.7204954 0.3395554 0.5001319 0.3395554 0.6534268 0.2903397 0.5739873 0.2907347 0.6534268 0.2903397 0.5001319 0.3395554 0.1525395 0.33096 0.171647 0.6792436 0.06121194 0.4379006 0 0.3041834 0.09627181 0.3258816 0.06121194 0.4379006 0.06716042 0.6792436 0.171647 0.6792436 0.2672404 0.7293736 0.2672404 0.7293736 0.2672404 0.7466185 0.03823262 0.7466185 0.03823262 0.7466185 0.2672404 0.7466185 0.03823262 0.824379 0.2672404 0.7466185 0.2672404 0.8243778 0.03823262 0.824379 0.3212744 1 0.1069839 0.9755491 0.03823262 0.824379 0.3212715 0.7466185 0.2672404 0.7466185 0.2672404 0.7293736 0.2672404 0.8243778 0.2672404 0.7466185 0.3212715 0.7466185 0.3212715 0.7466185 0.3212744 0.824379 0.2672404 0.8243778 0.03823262 0.824379 0.2672404 0.8243778 0.3212744 1 0.3212744 1 0.2672404 0.8243778 0.3212744 0.824379 0.3212744 1 0.3212744 0.824379 0.6787137 1 0.03823262 0.7466185 0.06716042 0.6792436 0.2672404 0.7293736 0.2456801 0.3045562 0.3465703 0.2903397 0.2794988 0.3395554 0.3124257 0.5070559 0.3212715 0.7466185 0.2672404 0.7293736 0.2038955 0.3266605 0.171647 0.6792436 0.1525395 0.33096 0.132884 0.2341001 0.2112482 0.2931097 0.1549835 0.2889553 0.09627181 0.3258816 0.004802048 0.2340952 0.06099271 0.2340952 0.132884 0.1543189 0.2093849 0.2341013 0.132884 0.2341001 0.06099271 0.2340952 0.004805028 0.154314 0.06099569 0.154314 0.06099569 0.154314 0.004805028 0.06218683 0.1010798 0.06218683 0.1010798 0.06218683 0.038046 0.002368807 0.1573504 0.002368807 0.171647 0.6792436 0.06716042 0.6792436 0.06121194 0.4379006 0.09627181 0.3258816 0 0.3041834 0.004802048 0.2340952 0.132884 0.2341001 0.2093849 0.2341013 0.2112482 0.2931097 0.06099271 0.2340952 0.004802048 0.2340952 0.004805028 0.154314 0.06099569 0.154314 0.004805028 0.154314 0.004805028 0.06218683 0.1010798 0.06218683 0.004805028 0.06218683 0.038046 0.002368807 0.1525395 0.33096 0.09627181 0.3258816 0.1549835 0.2889553 0.1549835 0.2889553 0.2112482 0.2931097 0.1525395 0.33096 0.1549835 0.2889553 0.09627181 0.3258816 0.06099271 0.2340952 0.06099271 0.2340952 0.132884 0.2341001 0.1549835 0.2889553 0.06099271 0.2340952 0.06099569 0.154314 0.132884 0.1543189 0.132884 0.1543189 0.132884 0.2341001 0.06099271 0.2340952 0.06099569 0.154314 0.1010798 0.06218683 0.2093908 0.002375006 0.2093908 0.002375006 0.132884 0.1543189 0.06099569 0.154314 0.1010798 0.06218683 0.1573504 0.002368807 0.2093908 0.002375006 0.2552486 0.3852738 0.2672404 0.7293736 0.171647 0.6792436 0.2672404 0.7293736 0.2552486 0.3852738 0.3124257 0.5070559 0.2456801 0.3045562 0.2552486 0.3852738 0.2038955 0.3266605 0.2038955 0.3266605 0.2112482 0.2931097 0.2456801 0.3045562 0.2112482 0.2931097 0.3465703 0.2903397 0.2456801 0.3045562 0.2456801 0.3045562 0.2794988 0.3395554 0.2552486 0.3852738 0.2552486 0.3852738 0.171647 0.6792436 0.2038955 0.3266605 0.2038955 0.3266605 0.1525395 0.33096 0.2112482 0.2931097 0.453169 0.5434456 0.3212715 0.7466185 0.3124257 0.5070559 0.2112482 0.2931097 0.2093849 0.2341013 0.344707 0.2313314 0.344707 0.2313314 0.3465703 0.2903397 0.2112482 0.2931097 0.2093849 0.2341013 0.132884 0.1543189 0.3447099 0.1515489 0.3447099 0.1515489 0.344707 0.2313314 0.2093849 0.2341013 0.132884 0.1543189 0.2093908 0.002375006 0.4241494 0 0.4241494 0 0.3447099 0.1515489 0.132884 0.1543189 0.3465703 0.2903397 0.344707 0.2313314 0.4241465 0.2317251 0.4241465 0.2317251 0.4260098 0.290736 0.3465703 0.2903397 0.344707 0.2313314 0.3447099 0.1515489 0.4241465 0.1519452 0.4241465 0.1519452 0.4241465 0.2317251 0.344707 0.2313314 0.4241494 0 0.4241465 0.1519452 0.3447099 0.1515489 0.4235214 0.446187 0.3692711 0.446187 0.3433976 0.3964152 0.449395 0.3964152 0.2794988 0.3395554 0.5001319 0.3395554 0.3110216 0.3916542 0.2552486 0.3852738 0.2794988 0.3395554 0.4502511 0.443753 0.3425415 0.443753 0.3692711 0.446187 0.3692711 0.446187 0.4235214 0.446187 0.4502511 0.443753 0.449395 0.3964152 0.4502511 0.443753 0.4235214 0.446187 0.449395 0.3964152 0.4235214 0.446187 0.3433976 0.3964152 0.3433976 0.3964152 0.3692711 0.446187 0.3425415 0.443753 0.3433976 0.3964152 0.2794988 0.3395554 0.449395 0.3964152 0.3465703 0.2903397 0.5001319 0.3395554 0.2794988 0.3395554 0.5001319 0.3395554 0.3465703 0.2903397 0.4260098 0.290736 0.5506021 0.3964152 0.449395 0.3964152 0.5001319 0.3395554 0.5506021 0.3964152 0.549746 0.443753 0.4502511 0.443753 0.5506021 0.3964152 0.4502511 0.443753 0.449395 0.3964152 0.4260098 0.290736 0.4241465 0.2317251 0.5758506 0.2317264 0.4260098 0.290736 0.5758506 0.2317264 0.5739873 0.2907347 0.4241465 0.2317251 0.4241465 0.1519452 0.5758476 0.1519452 0.4241465 0.2317251 0.5758476 0.1519452 0.5758506 0.2317264 0.4241465 0.1519452 0.4241494 0 0.5758476 0 0.4241465 0.1519452 0.5758476 0 0.5758476 0.1519452 0.5739873 0.2907347 0.5001319 0.3395554 0.4260098 0.290736 0.06121194 0.4379006 0.09627181 0.3258816 0.1525395 0.33096 0.9374965 0.439109 0.9037223 0.3258816 1 0.3041834 0.7204954 0.3395554 0.7447484 0.3852738 0.6889755 0.3916542 0.6574527 0.443753 0.6565965 0.3964152 0.6889755 0.3916542 0.3433976 0.3964152 0.3110216 0.3916542 0.2794988 0.3395554 0.3425415 0.443753 0.3110216 0.3916542 0.3433976 0.3964152</float_array>
          <technique_common>
            <accessor source="#Mesh_005-mesh-map-0-array" count="930" stride="2">
              <param name="S" type="float"/>
              <param name="T" type="float"/>
            </accessor>
          </technique_common>
        </source>
        <source id="Mesh_005-mesh-colors-Attribute" name="Attribute">
          <float_array id="Mesh_005-mesh-colors-Attribute-array" count="3720">0 0 0 0 0 0 0 0 0 0 0 0 0 0 0 0 0 0 0 0 0 0 0 0 0 0 0 0 0 0 0 0 0 0 0 0 0 0 0 0 0 0 0 0 0 0 0 0 0 0 0 0 0 0 0 0 0 0 0 0 0 0 0 0 0 0 0 0 0 0 0 0 0 0 0 0 0 0 0 0 0 0 0 0 0 0 0 0 0 0 0 0 0 0 0 0 0 0 0 0 0 0 0 0 0 0 0 0 0 0 0 0 0 0 0 0 0 0 0 0 0 0 0 0 0 0 0 0 0 0 0 0 0 0 0 0 0 0 0 0 0 0 0 0 0 0 0 0 0 0 0 0 0 0 0 0 0 0 0 0 0 0 0 0 0 0 0 0 0 0 0 0 0 0 0 0 0 0 0 0 0 0 0 0 0 0 0 0 0 0 0 0 0 0 0 0 0 0 0 0 0 0 0 0 0 0 0 0 0 0 0 0 0 0 0 0 0 0 0 0 0 0 0 0 0 0 0 0 0 0 0 0 0 0 0 0 0 0 0 0 0 0 0 0 0 0 0 0 0 0 0 0 0 0 0 0 0 0 0 0 0 0 0 0 0 0 0 0 0 0 0 0 0 0 0 0 0 0 0 0 0 0 0 0 0 0 0 0 0 0 0 0 0 0 0 0 0 0 0 0 0 0 0 0 0 0 0 0 0 0 0 0 0 0 0 0 0 0 0 0 0 0 0 0 0 0 0 0 0 0 0 0 0 0 0 0 0 0 0 0 0 0 0 0 0 0 0 0 0 0 0 0 0 0 0 0 0 0 0 0 0 0 0 0 0 0 0 0 0 0 0 0 0 0 0 0 0 0 0 0 0 0 0 0 0 0 0 0 0 0 0 0 0 0 0 0 0 0 0 0 0 0 0 0 0 0 0 0 0 0 0 0 0 0 0 0 0 0 0 0 0 0 0 0 0 0 0 0 0 0 0 0 0 0 0 0 0 0 0 0 0 0 0 0 0 0 0 0 0 0 0 0 0 0 0 0 0 0 0 0 0 0 0 0 0 0 0 0 0 0 0 0 0 0 0 0 0 0 0 0 0 0 0 0 0 0 0 0 0 0 0 0 0 0 0 0 0 0 0 0 0 0 0 0 0 0 0 0 0 0 0 0 0 0 0 0 0 0 0 0 0 0 0 0 0 0 0 0 0 0 0 0 0 0 0 0 0 0 0 0 0 0 0 0 0 0 0 0 0 0 0 0 0 0 0 0 0 0 0 0 0 0 0 0 0 0 0 0 0 0 0 0 0 0 0 0 0 0 0 0 0 0 0 0 0 0 0 0 0 0 0 0 0 0 0 0 0 0 0 0 0 0 0 0 0 0 0 0 0 0 0 0 0 0 0 0 0 0 0 0 0 0 0 0 0 0 0 0 0 0 0 0 0 0 0 0 0 0 0 0 0 0 0 0 0 0 0 0 0 0 0 0 0 0 0 0 0 0 0 0 0 0 0 0 0 0 0 0 0 0 0 0 0 0 0 0 0 0 0 0 0 0 0 0 0 0 0 0 0 0 0 0 0 0 0 0 0 0 0 0 0 0 0 0 0 0 0 0 0 0 0 0 0 0 0 0 0 0 0 0 0 0 0 0 0 0 0 0 0 0 0 0 0 0 0 0 0 0 0 0 0 0 0 0 0 0 0 0 0 0 0 0 0 0 0 0 0 0 0 0 0 0 0 0 0 0 0 0 0 0 0 0 0 0 0 0 0 0 0 0 0 0 0 0 0 0 0 0 0 0 0 0 0 0 0 0 0 0 0 0 0 0 0 0 0 0 0 0 0 0 0 0 0 0 0 0 0 0 0 0 0 0 0 0 0 0 0 0 0 0 0 0 0 0 0 0 0 0 0 0 0 0 0 0 0 0 0 0 0 0 0 0 0 0 0 0 0 0 0 0 0 0 0 0 0 0 0 0 0 0 0 0 0 0 0 0 0 0 0 0 0 0 0 0 0 0 0 0 0 0 0 0 0 0 0 0 0 0 0 0 0 0 0 0 0 0 0 0 0 0 0 0 0 0 0 0 0 0 0 0 0 0 0 0 0 0 0 0 0 0 0 0 0 0 0 0 0 0 0 0 0 0 0 0 0 0 0 0 0 0 0 0 0 0 0 0 0 0 0 0 0 0 0 0 0 0 0 0 0 0 0 0 0 0 0 0 0 0 0 0 0 0 0 0 0 0 0 0 0 0 0 0 0 0 0 0 0 0 0 0 0 0 0 0 0 0 0 0 0 0 0 0 0 0 0 0 0 0 0 0 0 0 0 0 0 0 0 0 0 0 0 0 0 0 0 0 0 0 0 0 0 0 0 0 0 0 0 0 0 0 0 0 0 0 0 0 0 0 0 0 0 0 0 0 0 0 0 0 0 0 0 0 0 0 0 0 0 0 0 0 0 0 0 0 0 0 0 0 0 0 0 0 0 0 0 0 0 0 0 0 0 0 0 0 0 0 0 0 0 0 0 0 0 0 0 0 0 0 0 0 0 0 0 0 0 0 0 0 0 0 0 0 0 0 0 0 0 0 0 0 0 0 0 0 0 0 0 0 0 0 0 0 0 0 0 0 0 0 0 0 0 0 0 0 0 0 0 0 0 0 0 0 0 0 0 0 0 0 0 0 0 0 0 0 0 0 0 0 0 0 0 0 0 0 0 0 0 0 0 0 0 0 0 0 0 0 0 0 0 0 0 0 0 0 0 0 0 0 0 0 0 0 0 0 0 0 0 0 0 0 0 0 0 0 0 0 0 0 0 0 0 0 0 0 0 0 0 0 0 0 0 0 0 0 0 0 0 0 0 0 0 0 0 0 0 0 0 0 0 0 0 0 0 0 0 0 0 0 0 0 0 0 0 0 0 0 0 0 0 0 0 0 0 0 0 0 0 0 0 0 0 0 0 0 0 0 0 0 0 0 0 0 0 0 0 0 0 0 0 0 0 0 0 0 0 0 0 0 0 0 0 0 0 0 0 0 0 0 0 0 0 0 0 0 0 0 0 0 0 0 0 0 0 0 0 0 0 0 0 0 0 0 0 0 0 0 0 0 0 0 0 0 0 0 0 0 0 0 0 0 0 0 0 0 0 0 0 0 0 0 0 0 0 0 0 0 0 0 0 0 0 0 0 0 0 0 0 0 0 0 0 0 0 0 0 0 0 0 0 0 0 0 0 0 0 0 0 0 0 0 0 0 0 0 0 0 0 0 0 0 0 0 0 0 0 0 0 0 0 0 0 0 0 0 0 0 0 0 0 0 0 0 0 0 0 0 0 0 0 0 0 0 0 0 0 0 0 0 0 0 0 0 0 0 0 0 0 0 0 0 0 0 0 0 0 0 0 0 0 0 0 0 0 0 0 0 0 0 0 0 0 0 0 0 0 0 0 0 0 0 0 0 0 0 0 0 0 0 0 0 0 0 0 0 0 0 0 0 0 0 0 0 0 0 0 0 0 0 0 0 0 0 0 0 0 0 0 0 0 0 0 0 0 0 0 0 0 0 0 0 0 0 0 0 0 0 0 0 0 0 0 0 0 0 0 0 0 0 0 0 0 0 0 0 0 0 0 0 0 0 0 0 0 0 0 0 0 0 0 0 0 0 0 0 0 0 0 0 0 0 0 0 0 0 0 0 0 0 0 0 0 0 0 0 0 0 0 0 0 0 0 0 0 0 0 0 0 0 0 0 0 0 0 0 0 0 0 0 0 0 0 0 0 0 0 0 0 0 0 0 0 0 0 0 0 0 0 0 0 0 0 0 0 0 0 0 0 0 0 0 0 0 0 0 0 0 0 0 0 0 0 0 0 0 0 0 0 0 0 0 0 0 0 0 0 0 0 0 0 0 0 0 0 0 0 0 0 0 0 0 0 0 0 0 0 0 0 0 0 0 0 0 0 0 0 0 0 0 0 0 0 0 0 0 0 0 0 0 0 0 0 0 0 0 0 0 0 0 0 0 0 0 0 0 0 0 0 0 0 0 0 0 0 0 0 0 0 0 0 0 0 0 0 0 0 0 0 0 0 0 0 0 0 0 0 0 0 0 0 0 0 0 0 0 0 0 0 0 0 0 0 0 0 0 0 0 0 0 0 0 0 0 0 0 0 0 0 0 0 0 0 0 0 0 0 0 0 0 0 0 0 0 0 0 0 0 0 0 0 0 0 0 0 0 0 0 0 0 0 0 0 0 0 0 0 0 0 0 0 0 0 0 0 0 0 0 0 0 0 0 0 0 0 0 0 0 0 0 0 0 0 0 0 0 0 0 0 0 0 0 0 0 0 0 0 0 0 0 0 0 0 0 0 0 0 0 0 0 0 0 0 0 0 0 0 0 0 0 0 0 0 0 0 0 0 0 0 0 0 0 0 0 0 0 0 0 0 0 0 0 0 0 0 0 0 0 0 0 0 0 0 0 0 0 0 0 0 0 0 0 0 0 0 0 0 0 0 0 0 0 0 0 0 0 0 0 0 0 0 0 0 0 0 0 0 0 0 0 0 0 0 0 0 0 0 0 0 0 0 0 0 0 0 0 0 0 0 0 0 0 0 0 0 0 0 0 0 0 0 0 0 0 0 0 0 0 0 0 0 0 0 0 0 0 0 0 0 0 0 0 0 0 0 0 0 0 0 0 0 0 0 0 0 0 0 0 0 0 0 0 0 0 0 0 0 0 0 0 0 0 0 0 0 0 0 0 0 0 0 0 0 0 0 0 0 0 0 0 0 0 0 0 0 0 0 0 0 0 0 0 0 0 0 0 0 0 0 0 0 0 0 0 0 0 0 0 0 0 0 0 0 0 0 0 0 0 0 0 0 0 0 0 0 0 0 0 0 0 0 0 0 0 0 0 0 0 0 0 0 0 0 0 0 0 0 0 0 0 0 0 0 0 0 0 0 0 0 0 0 0 0 0 0 0 0 0 0 0 0 0 0 0 0 0 0 0 0 0 0 0 0 0 0 0 0 0 0 0 0 0 0 0 0 0 0 0 0 0 0 0 0 0 0 0 0 0 0 0 0 0 0 0 0 0 0 0 0 0 0 0 0 0 0 0 0 0 0 0 0 0 0 0 0 0 0 0 0 0 0 0 0 0 0 0 0 0 0 0 0 0 0 0 0 0 0 0 0 0 0 0 0 0 0 0 0 0 0 0 0 0 0 0 0 0 0 0 0 0 0 0 0 0 0 0 0 0 0 0 0 0 0 0 0 0 0 0 0 0 0 0 0 0 0 0 0 0 0 0 0 0 0 0 0 0 0 0 0 0 0 0 0 0 0 0 0 0 0 0 0 0 0 0 0 0 0 0 0 0 0 0 0 0 0 0 0 0 0 0 0 0 0 0 0 0 0 0 0 0 0 0 0 0 0 0 0 0 0 0 0 0 0 0 0 0 0 0 0 0 0 0 0 0 0 0 0 0 0 0 0 0 0 0 0 0 0 0 0 0 0 0 0 0 0 0 0 0 0 0 0 0 0 0 0 0 0 0 0 0 0 0 0 0 0 0 0 0 0 0 0 0 0 0 0 0 0 0 0 0 0 0 0 0 0 0 0 0 0 0 0 0 0 0 0 0 0 0 0 0 0 0 0 0 0 0 0 0 0 0 0 0 0 0 0 0 0 0 0 0 0 0 0 0 0 0 0 0 0 0 0 0 0 0 0 0 0 0 0 0 0 0 0 0 0 0 0 0 0 0 0 0 0 0 0 0 0 0 0 0 0 0 0 0 0 0 0 0 0 0 0 0 0 0 0 0 0 0 0 0 0 0 0 0 0 0 0 0 0 0 0 0 0 0 0 0 0 0 0 0 0 0 0 0 0 0 0 0 0 0 0 0 0 0 0 0 0 0 0 0 0 0 0 0 0 0 0 0 0 0 0 0 0 0 0 0 0 0 0 0 0 0 0 0 0 0 0 0 0 0 0 0 0 0 0 0 0 0 0 0 0 0 0 0 0 0 0 0 0 0 0 0 0 0 0 0 0 0 0 0 0 0 0 0 0 0 0 0 0 0 0 0 0 0 0 0 0 0 0 0 0 0 0 0 0 0 0 0 0 0 0 0 0 0 0 0 0 0 0 0 0 0 0 0 0 0 0 0 0 0 0 0 0 0 0 0 0 0 0 0 0 0 0 0 0 0 0 0 0 0 0 0 0 0 0 0 0 0 0 0 0 0 0 0 0 0 0 0 0 0 0 0 0 0 0 0 0 0 0 0 0 0 0 0 0 0 0 0 0 0 0 0 0 0 0 0 0 0 0 0 0 0 0 0 0 0 0 0 0 0 0 0 0 0 0 0 0 0 0 0 0 0 0 0 0 0 0 0 0 0 0 0 0 0 0 0 0 0 0 0 0 0 0 0 0 0 0 0 0 0 0 0 0 0 0 0 0 0 0 0 0 0 0 0 0 0 0 0 0 0 0 0 0 0 0 0 0 0 0 0 0 0 0 0 0 0 0 0 0 0 0 0 0 0 0 0 0 0 0 0 0 0 0 0 0 0 0 0 0 0 0 0 0 0 0 0 0 0 0 0 0 0 0 0 0 0 0 0 0 0 0 0 0 0 0 0 0 0 0 0 0 0 0 0 0 0 0 0 0 0 0 0 0 0 0 0 0 0 0 0 0 0 0 0 0 0 0 0 0 0 0 0 0 0 0 0 0 0 0 0 0 0 0 0 0 0 0 0 0 0 0 0 0 0 0 0 0 0 0 0 0 0 0 0 0 0 0 0 0 0 0 0 0 0 0 0 0 0 0 0 0 0 0 0 0 0 0 0 0 0 0 0 0 0 0 0 0 0 0 0 0 0 0 0 0 0 0 0 0 0 0 0 0 0 0 0 0 0 0 0 0 0 0 0 0 0 0 0 0 0 0 0 0 0 0 0 0 0 0 0 0 0 0 0 0 0 0 0 0 0 0 0 0 0 0 0 0 0 0 0 0 0 0 0 0 0 0 0 0 0 0 0 0 0 0 0 0 0 0 0 0 0 0 0 0 0 0 0 0 0 0 0 0 0 0 0 0 0 0 0 0 0 0 0 0 0 0 0 0 0 0 0 0 0 0 0 0 0 0 0 0 0 0 0 0 0 0 0 0 0 0 0 0 0 0 0 0 0 0 0 0 0 0 0 0 0 0 0 0 0 0 0 0 0 0 0 0 0 0 0 0 0 0 0 0 0 0 0 0 0 0 0 0 0 0 0 0 0 0 0 0 0 0 0 0 0 0 0 0 0 0 0 0 0 0 0 0 0 0 0 0 0 0 0 0 0 0 0 0 0 0 0 0 0 0 0 0 0 0 0 0 0 0 0 0 0 0 0 0 0 0 0 0 0 0 0 0 0 0 0 0 0 0 0 0 0 0 0 0 0 0 0 0 0 0 0 0 0 0 0 0 0 0 0 0 0 0 0 0 0 0 0 0 0 0 0 0 0 0 0 0 0 0 0 0 0 0 0 0 0 0 0 0 0 0 0 0 0 0 0 0 0 0 0 0 0 0 0 0 0 0 0 0 0 0 0 0 0 0 0 0 0 0 0 0 0 0 0 0 0 0 0 0 0 0 0 0 0 0 0 0 0 0 0 0 0 0 0 0 0 0 0 0 0 0 0 0 0 0 0 0 0 0 0 0 0 0 0 0 0 0 0 0 0 0 0 0 0 0 0 0 0 0 0 0 0 0 0 0 0 0 0 0 0 0 0 0 0 0 0 0 0 0 0 0 0 0 0 0 0 0 0 0 0 0 0 0 0 0 0 0 0 0 0 0 0 0 0 0 0 0 0 0 0 0 0 0 0 0 0 0 0 0 0 0 0 0 0 0 0 0 0 0 0 0 0 0 0 0 0 0 0 0 0 0 0 0 0 0 0 0 0 0 0 0 0 0 0 0 0 0 0 0 0 0 0 0 0 0 0 0 0 0 0 0 0 0 0 0 0 0 0 0 0 0 0 0 0 0 0 0 0 0 0 0 0 0 0 0 0 0 0 0 0 0 0 0 0 0 0 0 0 0 0 0 0 0 0 0 0 0 0 0 0 0 0 0 0 0 0 0 0 0 0 0 0 0 0 0 0 0 0 0 0 0 0 0 0 0 0 0 0 0 0 0 0 0 0 0 0 0 0 0 0 0 0 0 0 0 0 0 0 0 0 0 0 0 0 0 0 0 0 0 0 0 0 0 0 0 0 0 0 0 0 0 0 0 0 0 0 0 0 0 0 0 0 0 0 0 0 0 0 0 0 0 0 0 0 0 0 0 0 0 0 0 0 0 0 0 0 0 0 0 0 0 0 0 0 0 0 0 0 0 0 0 0 0 0 0 0 0 0 0 0 0 0 0 0 0 0 0 0 0 0 0 0 0 0 0 0 0 0</float_array>
          <technique_common>
            <accessor source="#Mesh_005-mesh-colors-Attribute-array" count="930" stride="4">
              <param name="R" type="float"/>
              <param name="G" type="float"/>
              <param name="B" type="float"/>
              <param name="A" type="float"/>
            </accessor>
          </technique_common>
        </source>
        <vertices id="Mesh_005-mesh-vertices">
          <input semantic="POSITION" source="#Mesh_005-mesh-positions"/>
        </vertices>
        <triangles material="BGLSPIKE-material" count="2">
          <input semantic="VERTEX" source="#Mesh_005-mesh-vertices" offset="0"/>
          <input semantic="NORMAL" source="#Mesh_005-mesh-normals" offset="1"/>
          <input semantic="TEXCOORD" source="#Mesh_005-mesh-map-0" offset="2" set="0"/>
          <input semantic="COLOR" source="#Mesh_005-mesh-colors-Attribute" offset="3" set="0"/>
          <p>108 168 450 450 109 169 451 451 110 170 452 452 108 168 453 453 110 170 454 454 111 171 455 455</p>
        </triangles>
        <triangles material="BGLUNDER-material" count="16">
          <input semantic="VERTEX" source="#Mesh_005-mesh-vertices" offset="0"/>
          <input semantic="NORMAL" source="#Mesh_005-mesh-normals" offset="1"/>
          <input semantic="TEXCOORD" source="#Mesh_005-mesh-map-0" offset="2" set="0"/>
          <input semantic="COLOR" source="#Mesh_005-mesh-colors-Attribute" offset="3" set="0"/>
          <p>75 91 216 216 3 92 217 217 84 93 218 218 82 94 219 219 5 95 220 220 83 96 221 221 5 95 222 222 82 94 223 223 84 93 224 224 84 93 225 225 3 92 226 226 5 95 227 227 73 97 228 228 72 98 229 229 71 99 230 230 71 99 231 231 70 100 232 232 73 97 233 233 72 98 234 234 23 101 235 235 71 99 236 236 71 99 237 237 23 101 238 238 22 102 239 239 86 103 240 240 11 104 241 241 6 105 242 242 19 106 243 243 87 107 244 244 16 106 245 245 86 103 246 246 6 105 247 247 87 107 248 248 87 107 249 249 19 106 250 250 86 103 251 251 37 108 252 252 36 109 253 253 35 110 254 254 37 108 255 255 35 110 256 256 30 111 257 257 40 112 258 258 44 113 259 259 43 114 260 260 40 112 261 261 43 114 262 262 46 115 263 263</p>
        </triangles>
        <triangles material="DRSKY-material" count="10">
          <input semantic="VERTEX" source="#Mesh_005-mesh-vertices" offset="0"/>
          <input semantic="NORMAL" source="#Mesh_005-mesh-normals" offset="1"/>
          <input semantic="TEXCOORD" source="#Mesh_005-mesh-map-0" offset="2" set="0"/>
          <input semantic="COLOR" source="#Mesh_005-mesh-colors-Attribute" offset="3" set="0"/>
          <p>48 47 108 108 49 48 109 109 50 49 110 110 50 49 111 111 49 48 112 112 51 50 113 113 50 49 114 114 51 50 115 115 52 51 116 116 53 52 117 117 48 47 118 118 50 49 119 119 54 53 120 120 55 54 121 121 56 55 122 122 57 56 123 123 55 54 124 124 54 53 125 125 58 57 126 126 57 56 127 127 54 53 128 128 54 53 129 129 56 55 130 130 59 58 131 131 52 51 132 132 51 50 133 133 57 56 134 134 57 56 135 135 58 57 136 136 52 51 137 137</p>
        </triangles>
        <triangles material="GREEBOT-material" count="14">
          <input semantic="VERTEX" source="#Mesh_005-mesh-vertices" offset="0"/>
          <input semantic="NORMAL" source="#Mesh_005-mesh-normals" offset="1"/>
          <input semantic="TEXCOORD" source="#Mesh_005-mesh-map-0" offset="2" set="0"/>
          <input semantic="COLOR" source="#Mesh_005-mesh-colors-Attribute" offset="3" set="0"/>
          <p>60 59 138 138 61 60 139 139 62 61 140 140 62 62 141 141 63 63 142 142 64 64 143 143 65 65 144 144 66 66 145 145 67 67 146 146 68 68 147 147 69 69 148 148 65 70 149 149 65 70 150 150 69 69 151 151 63 63 152 152 63 63 153 153 62 62 154 154 65 70 155 155 66 66 156 156 62 61 157 157 61 60 158 158 62 61 159 159 66 66 160 160 65 65 161 161 63 71 162 162 70 72 163 163 71 73 164 164 63 71 165 165 71 73 166 166 64 74 167 167 72 75 168 168 73 76 169 169 69 77 170 170 68 78 171 171 72 75 172 172 69 77 173 173 69 77 174 174 73 76 175 175 70 72 176 176 70 72 177 177 63 71 178 178 69 77 179 179</p>
        </triangles>
        <triangles material="GREENOSE-material" count="12">
          <input semantic="VERTEX" source="#Mesh_005-mesh-vertices" offset="0"/>
          <input semantic="NORMAL" source="#Mesh_005-mesh-normals" offset="1"/>
          <input semantic="TEXCOORD" source="#Mesh_005-mesh-map-0" offset="2" set="0"/>
          <input semantic="COLOR" source="#Mesh_005-mesh-colors-Attribute" offset="3" set="0"/>
          <p>74 79 180 180 75 80 181 181 76 81 182 182 76 81 183 183 77 82 184 184 74 79 185 185 78 83 186 186 79 84 187 187 80 85 188 188 81 86 189 189 82 87 190 190 83 88 191 191 81 86 192 192 80 85 193 193 77 82 194 194 76 81 195 195 84 89 196 196 82 87 197 197 78 83 198 198 80 85 199 199 81 86 200 200 81 86 201 201 83 88 202 202 78 83 203 203 81 86 204 204 77 82 205 205 76 81 206 206 75 80 207 207 84 89 208 208 76 81 209 209 76 81 210 210 82 87 211 211 81 86 212 212 77 82 213 213 85 90 214 214 74 79 215 215</p>
        </triangles>
        <triangles material="GREESIDE-material" count="62">
          <input semantic="VERTEX" source="#Mesh_005-mesh-vertices" offset="0"/>
          <input semantic="NORMAL" source="#Mesh_005-mesh-normals" offset="1"/>
          <input semantic="TEXCOORD" source="#Mesh_005-mesh-map-0" offset="2" set="0"/>
          <input semantic="COLOR" source="#Mesh_005-mesh-colors-Attribute" offset="3" set="0"/>
          <p>88 116 264 264 89 117 265 265 7 118 266 266 7 118 267 267 14 119 268 268 88 116 269 269 90 120 270 270 88 116 271 271 14 119 272 272 14 119 273 273 12 121 274 274 90 120 275 275 85 90 276 276 90 120 277 277 12 121 278 278 3 122 279 279 75 80 280 280 0 123 281 281 74 79 282 282 85 90 283 283 1 124 284 284 85 90 285 285 12 121 286 286 1 124 287 287 29 125 288 288 17 126 289 289 91 127 290 290 91 127 291 291 92 128 292 292 29 125 293 293 27 129 294 294 29 125 295 295 92 128 296 296 92 128 297 297 93 130 298 298 27 129 299 299 25 131 300 300 27 129 301 301 93 130 302 302 93 130 303 303 94 132 304 304 25 131 305 305 20 133 306 306 16 134 307 307 95 135 308 308 8 136 309 309 87 137 310 310 6 138 311 311 96 139 312 312 97 140 313 313 91 127 314 314 96 139 315 315 8 136 316 316 7 118 317 317 20 133 318 318 96 139 319 319 17 126 320 320 96 139 321 321 95 135 322 322 8 136 323 323 96 139 324 324 7 118 325 325 89 117 326 326 17 126 327 327 96 139 328 328 91 127 329 329 22 141 330 330 25 131 331 331 94 132 332 332 64 74 333 333 71 73 334 334 22 141 335 335 94 132 336 336 64 74 337 337 22 141 338 338 95 135 339 339 16 134 340 340 87 137 341 341 96 139 342 342 20 133 343 343 95 135 344 344 87 137 345 345 8 136 346 346 95 135 347 347 96 139 348 348 89 117 349 349 97 140 350 350 74 79 351 351 1 124 352 352 0 123 353 353 0 123 354 354 75 80 355 355 74 79 356 356 98 142 357 357 99 143 358 358 100 144 359 359 10 145 360 360 9 146 361 361 100 144 362 362 101 147 363 363 9 146 364 364 86 148 365 365 18 149 366 366 100 144 367 367 21 150 368 368 86 148 369 369 19 151 370 370 101 147 371 371 101 147 372 372 21 150 373 373 100 144 374 374 99 143 375 375 10 145 376 376 100 144 377 377 10 145 378 378 99 143 379 379 102 152 380 380 102 152 381 381 15 153 382 382 10 145 383 383 15 153 384 384 102 152 385 385 103 154 386 386 103 154 387 387 13 155 388 388 15 153 389 389 13 155 390 390 103 154 391 391 79 84 392 392 4 156 393 393 2 157 394 394 78 83 395 395 78 83 396 396 83 88 397 397 4 156 398 398 2 157 399 399 13 155 400 400 79 84 401 401 104 158 402 402 100 144 403 403 18 149 404 404 104 158 405 405 18 149 406 406 28 159 407 407 28 159 408 408 105 160 409 409 104 158 410 410 105 160 411 411 28 159 412 412 26 161 413 413 26 161 414 414 106 162 415 415 105 160 416 416 106 162 417 417 26 161 418 418 24 163 419 419 24 163 420 420 107 164 421 421 106 162 422 422 23 165 423 423 72 75 424 424 68 78 425 425 23 165 426 426 68 78 427 427 107 164 428 428 107 164 429 429 24 163 430 430 23 165 431 431 11 166 432 432 86 148 433 433 9 146 434 434 101 147 435 435 19 151 436 436 21 150 437 437 9 146 438 438 101 147 439 439 100 144 440 440 104 158 441 441 98 142 442 442 100 144 443 443 4 156 444 444 83 88 445 445 5 167 446 446 2 157 447 447 79 84 448 448 78 83 449 449</p>
        </triangles>
        <triangles material="GREETOP-material" count="158">
          <input semantic="VERTEX" source="#Mesh_005-mesh-vertices" offset="0"/>
          <input semantic="NORMAL" source="#Mesh_005-mesh-normals" offset="1"/>
          <input semantic="TEXCOORD" source="#Mesh_005-mesh-map-0" offset="2" set="0"/>
          <input semantic="COLOR" source="#Mesh_005-mesh-colors-Attribute" offset="3" set="0"/>
          <p>112 172 456 456 113 173 457 457 97 140 458 458 97 140 459 459 89 117 460 460 114 174 461 461 115 175 462 462 114 174 463 463 89 117 464 464 116 176 465 465 88 116 466 466 90 120 467 467 90 120 468 468 117 177 469 469 116 176 470 470 115 175 471 471 116 176 472 472 118 178 473 473 118 178 474 474 116 176 475 475 117 177 476 476 117 177 477 477 119 179 478 478 118 178 479 479 77 82 480 480 120 180 481 481 119 181 482 482 120 180 483 483 118 182 484 484 119 181 485 485 120 180 486 486 121 183 487 487 118 182 488 488 77 82 489 489 90 120 490 490 85 90 491 491 117 177 492 492 90 120 493 493 77 82 494 494 119 179 495 495 117 177 496 496 77 82 497 497 115 175 498 498 89 117 499 499 88 116 500 500 88 116 501 501 116 176 502 502 115 175 503 503 122 184 504 504 123 185 505 505 124 186 506 506 115 187 507 507 118 182 508 508 49 188 509 509 51 189 510 510 118 182 511 511 121 183 512 512 112 190 513 513 114 191 514 514 125 192 515 515 126 193 516 516 127 194 517 517 128 195 518 518 129 196 519 519 92 128 520 520 113 173 521 521 128 195 522 522 130 197 523 523 131 198 524 524 132 199 525 525 93 130 526 526 129 196 527 527 133 200 528 528 94 132 529 529 132 199 530 530 62 62 531 531 64 64 532 532 133 201 533 533 97 140 534 534 114 174 535 535 112 172 536 536 92 128 537 537 91 127 538 538 113 173 539 539 127 194 540 540 130 197 541 541 128 195 542 542 93 130 543 543 92 128 544 544 129 196 545 545 94 132 546 546 93 130 547 547 132 199 548 548 131 198 549 549 60 59 550 550 133 200 551 551 64 64 552 552 94 202 553 553 133 201 554 554 126 193 555 555 113 173 556 556 112 172 557 557 112 172 558 558 127 194 559 559 126 193 560 560 129 196 561 561 113 173 562 562 126 193 563 563 126 193 564 564 128 195 565 565 129 196 566 566 131 198 567 567 132 199 568 568 129 196 569 569 129 196 570 570 128 195 571 571 131 198 572 572 132 199 573 573 131 198 574 574 133 200 575 575 60 59 576 576 62 61 577 577 133 200 578 578 114 191 579 579 115 187 580 580 48 203 581 581 49 188 582 582 48 203 583 583 115 187 584 584 125 192 585 585 48 203 586 586 124 186 587 587 124 204 588 588 127 194 589 589 125 205 590 590 124 204 591 591 123 206 592 592 127 194 593 593 48 203 594 594 122 184 595 595 124 186 596 596 125 192 597 597 114 191 598 598 48 203 599 599 127 194 600 600 112 172 601 601 125 205 602 602 51 189 603 603 121 183 604 604 57 207 605 605 49 188 606 606 118 182 607 607 51 189 608 608 134 208 609 609 130 197 610 610 127 194 611 611 127 194 612 612 123 206 613 613 134 208 614 614 135 209 615 615 131 198 616 616 130 197 617 617 130 197 618 618 134 208 619 619 135 209 620 620 61 60 621 621 60 59 622 622 131 198 623 623 131 198 624 624 135 209 625 625 61 60 626 626 136 210 627 627 134 208 628 628 123 206 629 629 123 206 630 630 137 211 631 631 136 210 632 632 138 212 633 633 135 209 634 634 134 208 635 635 134 208 636 636 136 210 637 637 138 212 638 638 135 209 639 639 138 212 640 640 61 60 641 641 139 213 642 642 140 214 643 643 141 215 644 644 142 216 645 645 122 184 646 646 143 217 647 647 122 184 648 648 53 218 649 649 139 213 650 650 140 219 651 651 50 220 652 652 52 221 653 653 52 221 654 654 141 222 655 655 140 219 656 656 141 215 657 657 52 223 658 658 143 217 659 659 139 213 660 660 141 215 661 661 143 217 662 662 50 224 663 663 140 214 664 664 139 213 665 665 143 217 666 666 122 184 667 667 139 213 668 668 122 184 669 669 142 216 670 670 123 185 671 671 137 225 672 672 123 185 673 673 142 216 674 674 144 226 675 675 145 227 676 676 98 142 677 677 104 158 678 678 146 228 679 679 98 142 680 680 99 143 681 681 145 227 682 682 147 229 683 683 147 229 684 684 148 230 685 685 102 152 686 686 102 152 687 687 148 230 688 688 103 154 689 689 148 230 690 690 149 231 691 691 103 154 692 692 80 85 693 693 79 84 694 694 103 154 695 695 121 232 696 696 148 230 697 697 147 229 698 698 149 231 699 699 148 230 700 700 121 232 701 701 121 232 702 702 120 233 703 703 149 231 704 704 103 154 705 705 149 231 706 706 80 85 707 707 80 85 708 708 149 231 709 709 120 233 710 710 80 85 711 711 120 180 712 712 77 82 713 713 102 152 714 714 99 143 715 715 147 229 716 716 150 234 717 717 151 235 718 718 152 236 719 719 55 237 720 720 121 183 721 721 147 238 722 722 153 239 723 723 145 240 724 724 144 241 725 725 154 242 726 726 155 243 727 727 156 244 728 728 146 228 729 729 105 160 730 730 157 245 731 731 158 246 732 732 159 247 733 733 154 242 734 734 157 245 735 735 106 162 736 736 160 248 737 737 160 248 738 738 107 164 739 739 161 249 740 740 161 250 741 741 68 68 742 742 65 70 743 743 145 227 744 744 99 143 745 745 98 142 746 746 146 228 747 747 104 158 748 748 105 160 749 749 154 242 750 750 159 247 751 751 155 243 752 752 157 245 753 753 105 160 754 754 106 162 755 755 160 248 756 756 106 162 757 757 107 164 758 758 161 250 759 759 107 251 760 760 68 68 761 761 144 226 762 762 146 228 763 763 156 244 764 764 156 244 765 765 155 243 766 766 144 226 767 767 156 244 768 768 146 228 769 769 157 245 770 770 157 245 771 771 154 242 772 772 156 244 773 773 157 245 774 774 160 248 775 775 158 246 776 776 158 246 777 777 154 242 778 778 157 245 779 779 160 248 780 780 161 249 781 781 67 67 782 782 67 67 783 783 158 246 784 784 160 248 785 785 161 249 786 786 65 65 787 787 67 67 788 788 56 252 789 789 147 238 790 790 145 240 791 791 147 238 792 792 56 252 793 793 55 237 794 794 150 234 795 795 56 252 796 796 153 239 797 797 153 253 798 798 155 243 799 799 150 254 800 800 155 243 801 801 151 255 802 802 150 254 803 803 150 234 804 804 152 236 805 805 56 252 806 806 56 252 807 807 145 240 808 808 153 239 809 809 153 253 810 810 144 226 811 811 155 243 812 812 57 207 813 813 121 183 814 814 55 237 815 815 155 243 816 816 159 247 817 817 162 256 818 818 162 256 819 819 151 255 820 820 155 243 821 821 159 247 822 822 158 246 823 823 163 257 824 824 163 257 825 825 162 256 826 826 159 247 827 827 158 246 828 828 67 67 829 829 66 66 830 830 66 66 831 831 163 257 832 832 158 246 833 833 151 255 834 834 162 256 835 835 164 258 836 836 164 258 837 837 165 259 838 838 151 255 839 839 162 256 840 840 163 257 841 841 166 260 842 842 166 260 843 843 164 258 844 844 162 256 845 845 66 66 846 846 166 260 847 847 163 257 848 848 167 261 849 849 168 262 850 850 169 263 851 851 170 264 852 852 152 236 853 853 142 216 854 854 59 265 855 855 56 252 856 856 152 236 857 857 171 266 858 858 54 221 859 859 168 267 860 860 168 267 861 861 167 268 862 862 171 266 863 863 170 264 864 864 171 269 865 865 167 261 866 866 170 264 867 867 167 261 868 868 169 263 869 869 169 263 870 870 168 262 871 871 54 270 872 872 169 263 873 873 152 236 874 874 170 264 875 875 151 235 876 876 142 216 877 877 152 236 878 878 142 216 879 879 151 235 880 880 165 271 881 881 143 217 882 882 170 264 883 883 142 216 884 884 143 217 885 885 52 223 886 886 171 269 887 887 143 217 888 888 171 269 889 889 170 264 890 890 165 259 891 891 164 258 892 892 136 210 893 893 165 259 894 894 136 210 895 895 137 211 896 896 164 258 897 897 166 260 898 898 138 212 899 899 164 258 900 900 138 212 901 901 136 210 902 902 166 260 903 903 66 66 904 904 61 60 905 905 166 260 906 906 61 60 907 907 138 212 908 908 137 225 909 909 142 216 910 910 165 271 911 911 98 142 912 912 146 228 913 913 144 226 914 914 97 140 915 915 113 173 916 916 91 127 917 917 122 184 918 918 48 203 919 919 53 218 920 920 50 224 921 921 139 213 922 922 53 218 923 923 169 263 924 924 59 265 925 925 152 236 926 926 54 270 927 927 59 265 928 928 169 263 929 929</p>
        </triangles>
        <triangles material="MURKHW-material" count="36">
          <input semantic="VERTEX" source="#Mesh_005-mesh-vertices" offset="0"/>
          <input semantic="NORMAL" source="#Mesh_005-mesh-normals" offset="1"/>
          <input semantic="TEXCOORD" source="#Mesh_005-mesh-map-0" offset="2" set="0"/>
          <input semantic="COLOR" source="#Mesh_005-mesh-colors-Attribute" offset="3" set="0"/>
          <p>0 0 0 0 1 1 1 1 2 2 2 2 3 3 3 3 4 4 4 4 5 5 5 5 6 6 6 6 7 7 7 7 8 8 8 8 9 9 9 9 10 10 10 10 11 11 11 11 6 6 12 12 11 11 13 13 7 7 14 14 7 7 15 15 11 11 16 16 10 10 17 17 1 1 18 18 12 12 19 19 2 2 20 20 2 2 21 21 12 12 22 22 13 13 23 23 13 13 24 24 12 12 25 25 14 14 26 26 13 13 27 27 14 14 28 28 15 15 29 29 10 10 30 30 15 15 31 31 14 14 32 32 10 10 33 33 14 14 34 34 7 7 35 35 3 3 36 36 2 2 37 37 4 4 38 38 3 3 39 39 0 0 40 40 2 2 41 41 16 16 42 42 17 17 43 43 18 18 44 44 19 19 45 45 16 16 46 46 18 18 47 47 17 17 48 48 16 16 49 49 20 20 50 50 21 20 51 51 19 19 52 52 18 18 53 53 22 21 54 54 23 22 55 55 24 23 56 56 22 21 57 57 24 23 58 58 25 24 59 59 25 24 60 60 24 23 61 61 26 25 62 62 25 24 63 63 26 25 64 64 27 26 65 65 27 26 66 66 26 25 67 67 28 27 68 68 28 27 69 69 29 28 70 70 27 26 71 71 17 17 72 72 29 28 73 73 28 27 74 74 17 17 75 75 28 27 76 76 18 18 77 77 30 29 78 78 31 30 79 79 32 31 80 80 33 32 81 81 34 33 82 82 35 34 83 83 35 34 84 84 36 35 85 85 33 32 86 86 37 36 87 87 32 31 88 88 38 37 89 89 32 31 90 90 37 36 91 91 30 29 92 92 36 35 93 93 39 38 94 94 33 32 95 95 40 39 96 96 41 40 97 97 42 41 98 98 43 42 99 99 44 43 100 100 45 44 101 101 41 40 102 102 40 39 103 103 46 45 104 104 44 43 105 105 47 46 106 106 45 44 107 107</p>
        </triangles>
      </mesh>
    </geometry>
    <geometry id="Mesh_009-mesh" name="Mesh.009">
      <mesh>
        <source id="Mesh_009-mesh-positions">
          <float_array id="Mesh_009-mesh-positions-array" count="48">0.04774475 -0.07058715 -0.02906799 0.04774475 -0.07046508 0.02935791 -0.04774469 -0.07046508 0.02935791 -0.04774469 -0.07058715 -0.02906799 0.04774475 -0.02906799 0.07058715 -0.04774475 -0.02906799 0.07058715 0.04774475 0.02935791 0.07046508 -0.04774475 0.02935785 0.07046508 0.04774469 0.07058715 0.02906799 -0.04774475 0.07058715 0.02906799 0.04774469 0.07046508 -0.02935791 -0.04774475 0.07046508 -0.02935791 0.04774475 0.02906799 -0.07058715 -0.04774475 0.02906799 -0.07058715 0.04774475 -0.02935785 -0.07046508 -0.04774475 -0.02935791 -0.07046508</float_array>
          <technique_common>
            <accessor source="#Mesh_009-mesh-positions-array" count="16" stride="3">
              <param name="X" type="float"/>
              <param name="Y" type="float"/>
              <param name="Z" type="float"/>
            </accessor>
          </technique_common>
        </source>
        <source id="Mesh_009-mesh-normals">
          <float_array id="Mesh_009-mesh-normals-array" count="96">1.42358e-7 -0.9680477 -0.2507661 1.32799e-7 -0.861833 0.5071924 1.35747e-7 -0.9670056 0.2547554 1.49957e-7 -0.8639141 -0.5036392 0 -0.250766 0.9680477 0 -0.5036392 0.8639141 0 0.5071924 0.861833 0 0.2547554 0.9670056 -1.42358e-7 0.9680477 0.2507661 -1.49957e-7 0.8639141 0.5036392 -1.32799e-7 0.861833 -0.5071924 -1.35747e-7 0.9670056 -0.2547554 0 0.2507661 -0.9680478 0 0.5036394 -0.8639141 0 -0.5071924 -0.8618329 0 -0.2547554 -0.9670056 -1 -1.74086e-7 0 -1 -2.31926e-7 0 -1 -1.9293e-7 0 -1 -1.55249e-7 0 -1 -1.69514e-7 0 -1 -1.77313e-7 0 -1 0 0 -1 -1.9293e-7 0 1 1.77983e-7 0 1 2.31931e-7 0 1 1.92907e-7 0 1 1.92921e-7 0 1 1.41261e-7 0 1 1.28614e-7 0 1 1.65336e-7 0 1 1.92907e-7 0</float_array>
          <technique_common>
            <accessor source="#Mesh_009-mesh-normals-array" count="32" stride="3">
              <param name="X" type="float"/>
              <param name="Y" type="float"/>
              <param name="Z" type="float"/>
            </accessor>
          </technique_common>
        </source>
        <source id="Mesh_009-mesh-map-0">
          <float_array id="Mesh_009-mesh-map-0-array" count="168">0 0.7059015 8.64685e-4 0.292045 8.64685e-4 0.292045 0 0.7059015 8.64685e-4 0.292045 0 0.7059015 8.64685e-4 0.292045 0.2940986 0 0.2940986 0 8.64685e-4 0.292045 0.2940986 0 8.64685e-4 0.292045 0.2940986 0 0.707955 8.64685e-4 0.707955 8.64685e-4 0.2940986 0 0.707955 8.64685e-4 0.2940986 0 0.707955 8.64685e-4 1 0.2940986 1 0.2940986 0.707955 8.64685e-4 1 0.2940986 0.707955 8.64685e-4 1 0.2940986 0.9991353 0.707955 0.9991353 0.707955 1 0.2940986 0.9991353 0.707955 1 0.2940986 0.9991353 0.707955 0.7059015 1 0.7059015 1 0.9991353 0.707955 0.7059015 1 0.9991353 0.707955 0.7059015 1 0.2920449 0.9991353 0.2920449 0.9991353 0.7059015 1 0.2920449 0.9991353 0.7059015 1 0.2920449 0.9991353 0 0.7059015 0 0.7059015 0.2920449 0.9991353 0 0.7059015 0.2920449 0.9991353 0.7059015 1 1 0.2940986 0.9991353 0.707955 0.7059015 1 0.707955 8.64685e-4 1 0.2940986 0.7059015 1 0.2940986 0 0.707955 8.64685e-4 0.7059015 1 8.64685e-4 0.292045 0.2940986 0 0.7059015 1 0 0.7059015 8.64685e-4 0.292045 0.7059015 1 0.2920449 0.9991353 0 0.7059015 8.64685e-4 0.292045 0.707955 8.64685e-4 0.2940986 0 8.64685e-4 0.292045 1 0.2940986 0.707955 8.64685e-4 8.64685e-4 0.292045 0.9991353 0.707955 1 0.2940986 8.64685e-4 0.292045 0.7059015 1 0.9991353 0.707955 8.64685e-4 0.292045 0.2920449 0.9991353 0.7059015 1 8.64685e-4 0.292045 0 0.7059015 0.2920449 0.9991353</float_array>
          <technique_common>
            <accessor source="#Mesh_009-mesh-map-0-array" count="84" stride="2">
              <param name="S" type="float"/>
              <param name="T" type="float"/>
            </accessor>
          </technique_common>
        </source>
        <source id="Mesh_009-mesh-colors-Attribute" name="Attribute">
          <float_array id="Mesh_009-mesh-colors-Attribute-array" count="336">0 0 0 0 0 0 0 0 0 0 0 0 0 0 0 0 0 0 0 0 0 0 0 0 0 0 0 0 0 0 0 0 0 0 0 0 0 0 0 0 0 0 0 0 0 0 0 0 0 0 0 0 0 0 0 0 0 0 0 0 0 0 0 0 0 0 0 0 0 0 0 0 0 0 0 0 0 0 0 0 0 0 0 0 0 0 0 0 0 0 0 0 0 0 0 0 0 0 0 0 0 0 0 0 0 0 0 0 0 0 0 0 0 0 0 0 0 0 0 0 0 0 0 0 0 0 0 0 0 0 0 0 0 0 0 0 0 0 0 0 0 0 0 0 0 0 0 0 0 0 0 0 0 0 0 0 0 0 0 0 0 0 0 0 0 0 0 0 0 0 0 0 0 0 0 0 0 0 0 0 0 0 0 0 0 0 0 0 0 0 0 0 0 0 0 0 0 0 0 0 0 0 0 0 0 0 0 0 0 0 0 0 0 0 0 0 0 0 0 0 0 0 0 0 0 0 0 0 0 0 0 0 0 0 0 0 0 0 0 0 0 0 0 0 0 0 0 0 0 0 0 0 0 0 0 0 0 0 0 0 0 0 0 0 0 0 0 0 0 0 0 0 0 0 0 0 0 0 0 0 0 0 0 0 0 0 0 0 0 0 0 0 0 0 0 0 0 0 0 0 0 0 0 0 0 0 0 0 0 0 0 0 0 0 0 0 0 0 0 0 0 0 0 0 0 0 0 0 0 0 0 0 0 0 0 0</float_array>
          <technique_common>
            <accessor source="#Mesh_009-mesh-colors-Attribute-array" count="84" stride="4">
              <param name="R" type="float"/>
              <param name="G" type="float"/>
              <param name="B" type="float"/>
              <param name="A" type="float"/>
            </accessor>
          </technique_common>
        </source>
        <vertices id="Mesh_009-mesh-vertices">
          <input semantic="POSITION" source="#Mesh_009-mesh-positions"/>
        </vertices>
        <triangles material="BGLWEEL-material" count="28">
          <input semantic="VERTEX" source="#Mesh_009-mesh-vertices" offset="0"/>
          <input semantic="NORMAL" source="#Mesh_009-mesh-normals" offset="1"/>
          <input semantic="TEXCOORD" source="#Mesh_009-mesh-map-0" offset="2" set="0"/>
          <input semantic="COLOR" source="#Mesh_009-mesh-colors-Attribute" offset="3" set="0"/>
          <p>0 0 0 0 1 1 1 1 2 2 2 2 0 0 3 3 2 2 4 4 3 3 5 5 1 1 6 6 4 4 7 7 5 5 8 8 1 1 9 9 5 5 10 10 2 2 11 11 4 4 12 12 6 6 13 13 7 7 14 14 4 4 15 15 7 7 16 16 5 5 17 17 6 6 18 18 8 8 19 19 9 9 20 20 6 6 21 21 9 9 22 22 7 7 23 23 8 8 24 24 10 10 25 25 11 11 26 26 8 8 27 27 11 11 28 28 9 9 29 29 10 10 30 30 12 12 31 31 13 13 32 32 10 10 33 33 13 13 34 34 11 11 35 35 12 12 36 36 14 14 37 37 15 15 38 38 12 12 39 39 15 15 40 40 13 13 41 41 14 14 42 42 0 0 43 43 3 3 44 44 14 14 45 45 3 3 46 46 15 15 47 47 13 16 48 48 9 17 49 49 11 18 50 50 13 16 51 51 7 19 52 52 9 17 53 53 13 16 54 54 5 20 55 55 7 19 56 56 13 16 57 57 2 21 58 58 5 20 59 59 13 16 60 60 3 22 61 61 2 21 62 62 13 16 63 63 15 23 64 64 3 22 65 65 1 24 66 66 6 25 67 67 4 26 68 68 1 24 69 69 8 27 70 70 6 25 71 71 1 24 72 72 10 28 73 73 8 27 74 74 1 24 75 75 12 29 76 76 10 28 77 77 1 24 78 78 14 30 79 79 12 29 80 80 1 24 81 81 0 31 82 82 14 30 83 83</p>
        </triangles>
      </mesh>
    </geometry>
    <geometry id="Mesh_008-mesh" name="Mesh.008">
      <mesh>
        <source id="Mesh_008-mesh-positions">
          <float_array id="Mesh_008-mesh-positions-array" count="48">0.04774475 -0.07058715 -0.02906799 0.04774475 -0.07046508 0.02935791 -0.04774469 -0.07046508 0.02935791 -0.04774469 -0.07058715 -0.02906799 0.04774475 -0.02906799 0.07058715 -0.04774475 -0.02906799 0.07058715 0.04774475 0.02935791 0.07046508 -0.04774475 0.02935785 0.07046508 0.04774469 0.07058715 0.02906799 -0.04774475 0.07058715 0.02906799 0.04774469 0.07046508 -0.02935791 -0.04774475 0.07046508 -0.02935791 0.04774475 0.02906799 -0.07058715 -0.04774475 0.02906799 -0.07058715 0.04774475 -0.02935785 -0.07046508 -0.04774475 -0.02935791 -0.07046508</float_array>
          <technique_common>
            <accessor source="#Mesh_008-mesh-positions-array" count="16" stride="3">
              <param name="X" type="float"/>
              <param name="Y" type="float"/>
              <param name="Z" type="float"/>
            </accessor>
          </technique_common>
        </source>
        <source id="Mesh_008-mesh-normals">
          <float_array id="Mesh_008-mesh-normals-array" count="96">1.42358e-7 -0.9680477 -0.2507661 1.32799e-7 -0.861833 0.5071924 1.35747e-7 -0.9670056 0.2547554 1.49957e-7 -0.8639141 -0.5036392 0 -0.250766 0.9680477 0 -0.5036392 0.8639141 0 0.5071924 0.861833 0 0.2547554 0.9670056 -1.42358e-7 0.9680477 0.2507661 -1.49957e-7 0.8639141 0.5036392 -1.32799e-7 0.861833 -0.5071924 -1.35747e-7 0.9670056 -0.2547554 0 0.2507661 -0.9680478 0 0.5036394 -0.8639141 0 -0.5071924 -0.8618329 0 -0.2547554 -0.9670056 -1 -1.74086e-7 0 -1 -2.31926e-7 0 -1 -1.9293e-7 0 -1 -1.55249e-7 0 -1 -1.69514e-7 0 -1 -1.77313e-7 0 -1 0 0 -1 -1.9293e-7 0 1 1.77983e-7 0 1 2.31931e-7 0 1 1.92907e-7 0 1 1.92921e-7 0 1 1.41261e-7 0 1 1.28614e-7 0 1 1.65336e-7 0 1 1.92907e-7 0</float_array>
          <technique_common>
            <accessor source="#Mesh_008-mesh-normals-array" count="32" stride="3">
              <param name="X" type="float"/>
              <param name="Y" type="float"/>
              <param name="Z" type="float"/>
            </accessor>
          </technique_common>
        </source>
        <source id="Mesh_008-mesh-map-0">
          <float_array id="Mesh_008-mesh-map-0-array" count="168">0 0.7059015 8.64685e-4 0.292045 8.64685e-4 0.292045 0 0.7059015 8.64685e-4 0.292045 0 0.7059015 8.64685e-4 0.292045 0.2940986 0 0.2940986 0 8.64685e-4 0.292045 0.2940986 0 8.64685e-4 0.292045 0.2940986 0 0.707955 8.64685e-4 0.707955 8.64685e-4 0.2940986 0 0.707955 8.64685e-4 0.2940986 0 0.707955 8.64685e-4 1 0.2940986 1 0.2940986 0.707955 8.64685e-4 1 0.2940986 0.707955 8.64685e-4 1 0.2940986 0.9991353 0.707955 0.9991353 0.707955 1 0.2940986 0.9991353 0.707955 1 0.2940986 0.9991353 0.707955 0.7059015 1 0.7059015 1 0.9991353 0.707955 0.7059015 1 0.9991353 0.707955 0.7059015 1 0.2920449 0.9991353 0.2920449 0.9991353 0.7059015 1 0.2920449 0.9991353 0.7059015 1 0.2920449 0.9991353 0 0.7059015 0 0.7059015 0.2920449 0.9991353 0 0.7059015 0.2920449 0.9991353 0.7059015 1 1 0.2940986 0.9991353 0.707955 0.7059015 1 0.707955 8.64685e-4 1 0.2940986 0.7059015 1 0.2940986 0 0.707955 8.64685e-4 0.7059015 1 8.64685e-4 0.292045 0.2940986 0 0.7059015 1 0 0.7059015 8.64685e-4 0.292045 0.7059015 1 0.2920449 0.9991353 0 0.7059015 8.64685e-4 0.292045 0.707955 8.64685e-4 0.2940986 0 8.64685e-4 0.292045 1 0.2940986 0.707955 8.64685e-4 8.64685e-4 0.292045 0.9991353 0.707955 1 0.2940986 8.64685e-4 0.292045 0.7059015 1 0.9991353 0.707955 8.64685e-4 0.292045 0.2920449 0.9991353 0.7059015 1 8.64685e-4 0.292045 0 0.7059015 0.2920449 0.9991353</float_array>
          <technique_common>
            <accessor source="#Mesh_008-mesh-map-0-array" count="84" stride="2">
              <param name="S" type="float"/>
              <param name="T" type="float"/>
            </accessor>
          </technique_common>
        </source>
        <source id="Mesh_008-mesh-colors-Attribute" name="Attribute">
          <float_array id="Mesh_008-mesh-colors-Attribute-array" count="336">0 0 0 0 0 0 0 0 0 0 0 0 0 0 0 0 0 0 0 0 0 0 0 0 0 0 0 0 0 0 0 0 0 0 0 0 0 0 0 0 0 0 0 0 0 0 0 0 0 0 0 0 0 0 0 0 0 0 0 0 0 0 0 0 0 0 0 0 0 0 0 0 0 0 0 0 0 0 0 0 0 0 0 0 0 0 0 0 0 0 0 0 0 0 0 0 0 0 0 0 0 0 0 0 0 0 0 0 0 0 0 0 0 0 0 0 0 0 0 0 0 0 0 0 0 0 0 0 0 0 0 0 0 0 0 0 0 0 0 0 0 0 0 0 0 0 0 0 0 0 0 0 0 0 0 0 0 0 0 0 0 0 0 0 0 0 0 0 0 0 0 0 0 0 0 0 0 0 0 0 0 0 0 0 0 0 0 0 0 0 0 0 0 0 0 0 0 0 0 0 0 0 0 0 0 0 0 0 0 0 0 0 0 0 0 0 0 0 0 0 0 0 0 0 0 0 0 0 0 0 0 0 0 0 0 0 0 0 0 0 0 0 0 0 0 0 0 0 0 0 0 0 0 0 0 0 0 0 0 0 0 0 0 0 0 0 0 0 0 0 0 0 0 0 0 0 0 0 0 0 0 0 0 0 0 0 0 0 0 0 0 0 0 0 0 0 0 0 0 0 0 0 0 0 0 0 0 0 0 0 0 0 0 0 0 0 0 0 0 0 0 0 0 0 0 0 0 0 0 0 0 0 0 0 0 0</float_array>
          <technique_common>
            <accessor source="#Mesh_008-mesh-colors-Attribute-array" count="84" stride="4">
              <param name="R" type="float"/>
              <param name="G" type="float"/>
              <param name="B" type="float"/>
              <param name="A" type="float"/>
            </accessor>
          </technique_common>
        </source>
        <vertices id="Mesh_008-mesh-vertices">
          <input semantic="POSITION" source="#Mesh_008-mesh-positions"/>
        </vertices>
        <triangles material="BGLWEEL-material" count="28">
          <input semantic="VERTEX" source="#Mesh_008-mesh-vertices" offset="0"/>
          <input semantic="NORMAL" source="#Mesh_008-mesh-normals" offset="1"/>
          <input semantic="TEXCOORD" source="#Mesh_008-mesh-map-0" offset="2" set="0"/>
          <input semantic="COLOR" source="#Mesh_008-mesh-colors-Attribute" offset="3" set="0"/>
          <p>0 0 0 0 1 1 1 1 2 2 2 2 0 0 3 3 2 2 4 4 3 3 5 5 1 1 6 6 4 4 7 7 5 5 8 8 1 1 9 9 5 5 10 10 2 2 11 11 4 4 12 12 6 6 13 13 7 7 14 14 4 4 15 15 7 7 16 16 5 5 17 17 6 6 18 18 8 8 19 19 9 9 20 20 6 6 21 21 9 9 22 22 7 7 23 23 8 8 24 24 10 10 25 25 11 11 26 26 8 8 27 27 11 11 28 28 9 9 29 29 10 10 30 30 12 12 31 31 13 13 32 32 10 10 33 33 13 13 34 34 11 11 35 35 12 12 36 36 14 14 37 37 15 15 38 38 12 12 39 39 15 15 40 40 13 13 41 41 14 14 42 42 0 0 43 43 3 3 44 44 14 14 45 45 3 3 46 46 15 15 47 47 13 16 48 48 9 17 49 49 11 18 50 50 13 16 51 51 7 19 52 52 9 17 53 53 13 16 54 54 5 20 55 55 7 19 56 56 13 16 57 57 2 21 58 58 5 20 59 59 13 16 60 60 3 22 61 61 2 21 62 62 13 16 63 63 15 23 64 64 3 22 65 65 1 24 66 66 6 25 67 67 4 26 68 68 1 24 69 69 8 27 70 70 6 25 71 71 1 24 72 72 10 28 73 73 8 27 74 74 1 24 75 75 12 29 76 76 10 28 77 77 1 24 78 78 14 30 79 79 12 29 80 80 1 24 81 81 0 31 82 82 14 30 83 83</p>
        </triangles>
      </mesh>
    </geometry>
    <geometry id="Mesh_007-mesh" name="Mesh.007">
      <mesh>
        <source id="Mesh_007-mesh-positions">
          <float_array id="Mesh_007-mesh-positions-array" count="48">0.04774475 -0.07058715 -0.02906799 0.04774475 -0.07046508 0.02935791 -0.04774469 -0.07046508 0.02935791 -0.04774469 -0.07058715 -0.02906799 0.04774475 -0.02906799 0.07058715 -0.04774475 -0.02906799 0.07058715 0.04774475 0.02935791 0.07046508 -0.04774475 0.02935785 0.07046508 0.04774469 0.07058715 0.02906799 -0.04774475 0.07058715 0.02906799 0.04774469 0.07046508 -0.02935791 -0.04774475 0.07046508 -0.02935791 0.04774475 0.02906799 -0.07058715 -0.04774475 0.02906799 -0.07058715 0.04774475 -0.02935785 -0.07046508 -0.04774475 -0.02935791 -0.07046508</float_array>
          <technique_common>
            <accessor source="#Mesh_007-mesh-positions-array" count="16" stride="3">
              <param name="X" type="float"/>
              <param name="Y" type="float"/>
              <param name="Z" type="float"/>
            </accessor>
          </technique_common>
        </source>
        <source id="Mesh_007-mesh-normals">
          <float_array id="Mesh_007-mesh-normals-array" count="96">1.42358e-7 -0.9680477 -0.2507661 1.32799e-7 -0.861833 0.5071924 1.35747e-7 -0.9670056 0.2547554 1.49957e-7 -0.8639141 -0.5036392 0 -0.250766 0.9680477 0 -0.5036392 0.8639141 0 0.5071924 0.861833 0 0.2547554 0.9670056 -1.42358e-7 0.9680477 0.2507661 -1.49957e-7 0.8639141 0.5036392 -1.32799e-7 0.861833 -0.5071924 -1.35747e-7 0.9670056 -0.2547554 0 0.2507661 -0.9680478 0 0.5036394 -0.8639141 0 -0.5071924 -0.8618329 0 -0.2547554 -0.9670056 -1 -1.74086e-7 0 -1 -2.31926e-7 0 -1 -1.9293e-7 0 -1 -1.55249e-7 0 -1 -1.69514e-7 0 -1 -1.77313e-7 0 -1 0 0 -1 -1.9293e-7 0 1 1.77983e-7 0 1 2.31931e-7 0 1 1.92907e-7 0 1 1.92921e-7 0 1 1.41261e-7 0 1 1.28614e-7 0 1 1.65336e-7 0 1 1.92907e-7 0</float_array>
          <technique_common>
            <accessor source="#Mesh_007-mesh-normals-array" count="32" stride="3">
              <param name="X" type="float"/>
              <param name="Y" type="float"/>
              <param name="Z" type="float"/>
            </accessor>
          </technique_common>
        </source>
        <source id="Mesh_007-mesh-map-0">
          <float_array id="Mesh_007-mesh-map-0-array" count="168">0 0.7059015 8.64685e-4 0.292045 8.64685e-4 0.292045 0 0.7059015 8.64685e-4 0.292045 0 0.7059015 8.64685e-4 0.292045 0.2940986 0 0.2940986 0 8.64685e-4 0.292045 0.2940986 0 8.64685e-4 0.292045 0.2940986 0 0.707955 8.64685e-4 0.707955 8.64685e-4 0.2940986 0 0.707955 8.64685e-4 0.2940986 0 0.707955 8.64685e-4 1 0.2940986 1 0.2940986 0.707955 8.64685e-4 1 0.2940986 0.707955 8.64685e-4 1 0.2940986 0.9991353 0.707955 0.9991353 0.707955 1 0.2940986 0.9991353 0.707955 1 0.2940986 0.9991353 0.707955 0.7059015 1 0.7059015 1 0.9991353 0.707955 0.7059015 1 0.9991353 0.707955 0.7059015 1 0.2920449 0.9991353 0.2920449 0.9991353 0.7059015 1 0.2920449 0.9991353 0.7059015 1 0.2920449 0.9991353 0 0.7059015 0 0.7059015 0.2920449 0.9991353 0 0.7059015 0.2920449 0.9991353 0.7059015 1 1 0.2940986 0.9991353 0.707955 0.7059015 1 0.707955 8.64685e-4 1 0.2940986 0.7059015 1 0.2940986 0 0.707955 8.64685e-4 0.7059015 1 8.64685e-4 0.292045 0.2940986 0 0.7059015 1 0 0.7059015 8.64685e-4 0.292045 0.7059015 1 0.2920449 0.9991353 0 0.7059015 8.64685e-4 0.292045 0.707955 8.64685e-4 0.2940986 0 8.64685e-4 0.292045 1 0.2940986 0.707955 8.64685e-4 8.64685e-4 0.292045 0.9991353 0.707955 1 0.2940986 8.64685e-4 0.292045 0.7059015 1 0.9991353 0.707955 8.64685e-4 0.292045 0.2920449 0.9991353 0.7059015 1 8.64685e-4 0.292045 0 0.7059015 0.2920449 0.9991353</float_array>
          <technique_common>
            <accessor source="#Mesh_007-mesh-map-0-array" count="84" stride="2">
              <param name="S" type="float"/>
              <param name="T" type="float"/>
            </accessor>
          </technique_common>
        </source>
        <source id="Mesh_007-mesh-colors-Attribute" name="Attribute">
          <float_array id="Mesh_007-mesh-colors-Attribute-array" count="336">0 0 0 0 0 0 0 0 0 0 0 0 0 0 0 0 0 0 0 0 0 0 0 0 0 0 0 0 0 0 0 0 0 0 0 0 0 0 0 0 0 0 0 0 0 0 0 0 0 0 0 0 0 0 0 0 0 0 0 0 0 0 0 0 0 0 0 0 0 0 0 0 0 0 0 0 0 0 0 0 0 0 0 0 0 0 0 0 0 0 0 0 0 0 0 0 0 0 0 0 0 0 0 0 0 0 0 0 0 0 0 0 0 0 0 0 0 0 0 0 0 0 0 0 0 0 0 0 0 0 0 0 0 0 0 0 0 0 0 0 0 0 0 0 0 0 0 0 0 0 0 0 0 0 0 0 0 0 0 0 0 0 0 0 0 0 0 0 0 0 0 0 0 0 0 0 0 0 0 0 0 0 0 0 0 0 0 0 0 0 0 0 0 0 0 0 0 0 0 0 0 0 0 0 0 0 0 0 0 0 0 0 0 0 0 0 0 0 0 0 0 0 0 0 0 0 0 0 0 0 0 0 0 0 0 0 0 0 0 0 0 0 0 0 0 0 0 0 0 0 0 0 0 0 0 0 0 0 0 0 0 0 0 0 0 0 0 0 0 0 0 0 0 0 0 0 0 0 0 0 0 0 0 0 0 0 0 0 0 0 0 0 0 0 0 0 0 0 0 0 0 0 0 0 0 0 0 0 0 0 0 0 0 0 0 0 0 0 0 0 0 0 0 0 0 0 0 0 0 0 0 0 0 0 0 0</float_array>
          <technique_common>
            <accessor source="#Mesh_007-mesh-colors-Attribute-array" count="84" stride="4">
              <param name="R" type="float"/>
              <param name="G" type="float"/>
              <param name="B" type="float"/>
              <param name="A" type="float"/>
            </accessor>
          </technique_common>
        </source>
        <vertices id="Mesh_007-mesh-vertices">
          <input semantic="POSITION" source="#Mesh_007-mesh-positions"/>
        </vertices>
        <triangles material="BGLWEEL-material" count="28">
          <input semantic="VERTEX" source="#Mesh_007-mesh-vertices" offset="0"/>
          <input semantic="NORMAL" source="#Mesh_007-mesh-normals" offset="1"/>
          <input semantic="TEXCOORD" source="#Mesh_007-mesh-map-0" offset="2" set="0"/>
          <input semantic="COLOR" source="#Mesh_007-mesh-colors-Attribute" offset="3" set="0"/>
          <p>0 0 0 0 1 1 1 1 2 2 2 2 0 0 3 3 2 2 4 4 3 3 5 5 1 1 6 6 4 4 7 7 5 5 8 8 1 1 9 9 5 5 10 10 2 2 11 11 4 4 12 12 6 6 13 13 7 7 14 14 4 4 15 15 7 7 16 16 5 5 17 17 6 6 18 18 8 8 19 19 9 9 20 20 6 6 21 21 9 9 22 22 7 7 23 23 8 8 24 24 10 10 25 25 11 11 26 26 8 8 27 27 11 11 28 28 9 9 29 29 10 10 30 30 12 12 31 31 13 13 32 32 10 10 33 33 13 13 34 34 11 11 35 35 12 12 36 36 14 14 37 37 15 15 38 38 12 12 39 39 15 15 40 40 13 13 41 41 14 14 42 42 0 0 43 43 3 3 44 44 14 14 45 45 3 3 46 46 15 15 47 47 13 16 48 48 9 17 49 49 11 18 50 50 13 16 51 51 7 19 52 52 9 17 53 53 13 16 54 54 5 20 55 55 7 19 56 56 13 16 57 57 2 21 58 58 5 20 59 59 13 16 60 60 3 22 61 61 2 21 62 62 13 16 63 63 15 23 64 64 3 22 65 65 1 24 66 66 6 25 67 67 4 26 68 68 1 24 69 69 8 27 70 70 6 25 71 71 1 24 72 72 10 28 73 73 8 27 74 74 1 24 75 75 12 29 76 76 10 28 77 77 1 24 78 78 14 30 79 79 12 29 80 80 1 24 81 81 0 31 82 82 14 30 83 83</p>
        </triangles>
      </mesh>
    </geometry>
    <geometry id="Mesh_006-mesh" name="Mesh.006">
      <mesh>
        <source id="Mesh_006-mesh-positions">
          <float_array id="Mesh_006-mesh-positions-array" count="48">0.04774475 -0.07058715 -0.02906799 0.04774475 -0.07046508 0.02935791 -0.04774469 -0.07046508 0.02935791 -0.04774469 -0.07058715 -0.02906799 0.04774475 -0.02906799 0.07058715 -0.04774475 -0.02906799 0.07058715 0.04774475 0.02935791 0.07046508 -0.04774475 0.02935785 0.07046508 0.04774469 0.07058715 0.02906799 -0.04774475 0.07058715 0.02906799 0.04774469 0.07046508 -0.02935791 -0.04774475 0.07046508 -0.02935791 0.04774475 0.02906799 -0.07058715 -0.04774475 0.02906799 -0.07058715 0.04774475 -0.02935785 -0.07046508 -0.04774475 -0.02935791 -0.07046508</float_array>
          <technique_common>
            <accessor source="#Mesh_006-mesh-positions-array" count="16" stride="3">
              <param name="X" type="float"/>
              <param name="Y" type="float"/>
              <param name="Z" type="float"/>
            </accessor>
          </technique_common>
        </source>
        <source id="Mesh_006-mesh-normals">
          <float_array id="Mesh_006-mesh-normals-array" count="96">1.42358e-7 -0.9680477 -0.2507661 1.32799e-7 -0.861833 0.5071924 1.35747e-7 -0.9670056 0.2547554 1.49957e-7 -0.8639141 -0.5036392 0 -0.250766 0.9680477 0 -0.5036392 0.8639141 0 0.5071924 0.861833 0 0.2547554 0.9670056 -1.42358e-7 0.9680477 0.2507661 -1.49957e-7 0.8639141 0.5036392 -1.32799e-7 0.861833 -0.5071924 -1.35747e-7 0.9670056 -0.2547554 0 0.2507661 -0.9680478 0 0.5036394 -0.8639141 0 -0.5071924 -0.8618329 0 -0.2547554 -0.9670056 -1 -1.74086e-7 0 -1 -2.31926e-7 0 -1 -1.9293e-7 0 -1 -1.55249e-7 0 -1 -1.69514e-7 0 -1 -1.77313e-7 0 -1 0 0 -1 -1.9293e-7 0 1 1.77983e-7 0 1 2.31931e-7 0 1 1.92907e-7 0 1 1.92921e-7 0 1 1.41261e-7 0 1 1.28614e-7 0 1 1.65336e-7 0 1 1.92907e-7 0</float_array>
          <technique_common>
            <accessor source="#Mesh_006-mesh-normals-array" count="32" stride="3">
              <param name="X" type="float"/>
              <param name="Y" type="float"/>
              <param name="Z" type="float"/>
            </accessor>
          </technique_common>
        </source>
        <source id="Mesh_006-mesh-map-0">
          <float_array id="Mesh_006-mesh-map-0-array" count="168">0 0.7059015 8.64685e-4 0.292045 8.64685e-4 0.292045 0 0.7059015 8.64685e-4 0.292045 0 0.7059015 8.64685e-4 0.292045 0.2940986 0 0.2940986 0 8.64685e-4 0.292045 0.2940986 0 8.64685e-4 0.292045 0.2940986 0 0.707955 8.64685e-4 0.707955 8.64685e-4 0.2940986 0 0.707955 8.64685e-4 0.2940986 0 0.707955 8.64685e-4 1 0.2940986 1 0.2940986 0.707955 8.64685e-4 1 0.2940986 0.707955 8.64685e-4 1 0.2940986 0.9991353 0.707955 0.9991353 0.707955 1 0.2940986 0.9991353 0.707955 1 0.2940986 0.9991353 0.707955 0.7059015 1 0.7059015 1 0.9991353 0.707955 0.7059015 1 0.9991353 0.707955 0.7059015 1 0.2920449 0.9991353 0.2920449 0.9991353 0.7059015 1 0.2920449 0.9991353 0.7059015 1 0.2920449 0.9991353 0 0.7059015 0 0.7059015 0.2920449 0.9991353 0 0.7059015 0.2920449 0.9991353 0.7059015 1 1 0.2940986 0.9991353 0.707955 0.7059015 1 0.707955 8.64685e-4 1 0.2940986 0.7059015 1 0.2940986 0 0.707955 8.64685e-4 0.7059015 1 8.64685e-4 0.292045 0.2940986 0 0.7059015 1 0 0.7059015 8.64685e-4 0.292045 0.7059015 1 0.2920449 0.9991353 0 0.7059015 8.64685e-4 0.292045 0.707955 8.64685e-4 0.2940986 0 8.64685e-4 0.292045 1 0.2940986 0.707955 8.64685e-4 8.64685e-4 0.292045 0.9991353 0.707955 1 0.2940986 8.64685e-4 0.292045 0.7059015 1 0.9991353 0.707955 8.64685e-4 0.292045 0.2920449 0.9991353 0.7059015 1 8.64685e-4 0.292045 0 0.7059015 0.2920449 0.9991353</float_array>
          <technique_common>
            <accessor source="#Mesh_006-mesh-map-0-array" count="84" stride="2">
              <param name="S" type="float"/>
              <param name="T" type="float"/>
            </accessor>
          </technique_common>
        </source>
        <source id="Mesh_006-mesh-colors-Attribute" name="Attribute">
          <float_array id="Mesh_006-mesh-colors-Attribute-array" count="336">0 0 0 0 0 0 0 0 0 0 0 0 0 0 0 0 0 0 0 0 0 0 0 0 0 0 0 0 0 0 0 0 0 0 0 0 0 0 0 0 0 0 0 0 0 0 0 0 0 0 0 0 0 0 0 0 0 0 0 0 0 0 0 0 0 0 0 0 0 0 0 0 0 0 0 0 0 0 0 0 0 0 0 0 0 0 0 0 0 0 0 0 0 0 0 0 0 0 0 0 0 0 0 0 0 0 0 0 0 0 0 0 0 0 0 0 0 0 0 0 0 0 0 0 0 0 0 0 0 0 0 0 0 0 0 0 0 0 0 0 0 0 0 0 0 0 0 0 0 0 0 0 0 0 0 0 0 0 0 0 0 0 0 0 0 0 0 0 0 0 0 0 0 0 0 0 0 0 0 0 0 0 0 0 0 0 0 0 0 0 0 0 0 0 0 0 0 0 0 0 0 0 0 0 0 0 0 0 0 0 0 0 0 0 0 0 0 0 0 0 0 0 0 0 0 0 0 0 0 0 0 0 0 0 0 0 0 0 0 0 0 0 0 0 0 0 0 0 0 0 0 0 0 0 0 0 0 0 0 0 0 0 0 0 0 0 0 0 0 0 0 0 0 0 0 0 0 0 0 0 0 0 0 0 0 0 0 0 0 0 0 0 0 0 0 0 0 0 0 0 0 0 0 0 0 0 0 0 0 0 0 0 0 0 0 0 0 0 0 0 0 0 0 0 0 0 0 0 0 0 0 0 0 0 0 0</float_array>
          <technique_common>
            <accessor source="#Mesh_006-mesh-colors-Attribute-array" count="84" stride="4">
              <param name="R" type="float"/>
              <param name="G" type="float"/>
              <param name="B" type="float"/>
              <param name="A" type="float"/>
            </accessor>
          </technique_common>
        </source>
        <vertices id="Mesh_006-mesh-vertices">
          <input semantic="POSITION" source="#Mesh_006-mesh-positions"/>
        </vertices>
        <triangles material="BGLWEEL-material" count="28">
          <input semantic="VERTEX" source="#Mesh_006-mesh-vertices" offset="0"/>
          <input semantic="NORMAL" source="#Mesh_006-mesh-normals" offset="1"/>
          <input semantic="TEXCOORD" source="#Mesh_006-mesh-map-0" offset="2" set="0"/>
          <input semantic="COLOR" source="#Mesh_006-mesh-colors-Attribute" offset="3" set="0"/>
          <p>0 0 0 0 1 1 1 1 2 2 2 2 0 0 3 3 2 2 4 4 3 3 5 5 1 1 6 6 4 4 7 7 5 5 8 8 1 1 9 9 5 5 10 10 2 2 11 11 4 4 12 12 6 6 13 13 7 7 14 14 4 4 15 15 7 7 16 16 5 5 17 17 6 6 18 18 8 8 19 19 9 9 20 20 6 6 21 21 9 9 22 22 7 7 23 23 8 8 24 24 10 10 25 25 11 11 26 26 8 8 27 27 11 11 28 28 9 9 29 29 10 10 30 30 12 12 31 31 13 13 32 32 10 10 33 33 13 13 34 34 11 11 35 35 12 12 36 36 14 14 37 37 15 15 38 38 12 12 39 39 15 15 40 40 13 13 41 41 14 14 42 42 0 0 43 43 3 3 44 44 14 14 45 45 3 3 46 46 15 15 47 47 13 16 48 48 9 17 49 49 11 18 50 50 13 16 51 51 7 19 52 52 9 17 53 53 13 16 54 54 5 20 55 55 7 19 56 56 13 16 57 57 2 21 58 58 5 20 59 59 13 16 60 60 3 22 61 61 2 21 62 62 13 16 63 63 15 23 64 64 3 22 65 65 1 24 66 66 6 25 67 67 4 26 68 68 1 24 69 69 8 27 70 70 6 25 71 71 1 24 72 72 10 28 73 73 8 27 74 74 1 24 75 75 12 29 76 76 10 28 77 77 1 24 78 78 14 30 79 79 12 29 80 80 1 24 81 81 0 31 82 82 14 30 83 83</p>
        </triangles>
      </mesh>
    </geometry>
  </library_geometries>
  <library_visual_scenes>
    <visual_scene id="Scene" name="Scene">
      <node id="EAGGREE_DAT" name="EAGGREE.DAT" type="NODE">
        <matrix sid="transform">1 0 0 0 0 1 0 0 0 0 1 0 0 0 0 1</matrix>
        <instance_geometry url="#Mesh_005-mesh" name="EAGGREE.DAT">
          <bind_material>
            <technique_common>
              <instance_material symbol="BGLSPIKE-material" target="#BGLSPIKE-material">
                <bind_vertex_input semantic="map1" input_semantic="TEXCOORD" input_set="0"/>
              </instance_material>
              <instance_material symbol="BGLSPIKEH-material" target="#BGLSPIKEH-material">
                <bind_vertex_input semantic="map1" input_semantic="TEXCOORD" input_set="0"/>
              </instance_material>
              <instance_material symbol="BGLUNDER-material" target="#BGLUNDER-material">
                <bind_vertex_input semantic="map1" input_semantic="TEXCOORD" input_set="0"/>
              </instance_material>
              <instance_material symbol="DRSKY-material" target="#DRSKY-material">
                <bind_vertex_input semantic="map1" input_semantic="TEXCOORD" input_set="0"/>
              </instance_material>
              <instance_material symbol="GREEBOT-material" target="#GREEBOT-material">
                <bind_vertex_input semantic="map1" input_semantic="TEXCOORD" input_set="0"/>
              </instance_material>
              <instance_material symbol="GREENOSE-material" target="#GREENOSE-material">
                <bind_vertex_input semantic="map1" input_semantic="TEXCOORD" input_set="0"/>
              </instance_material>
              <instance_material symbol="GREESIDE-material" target="#GREESIDE-material">
                <bind_vertex_input semantic="map1" input_semantic="TEXCOORD" input_set="0"/>
              </instance_material>
              <instance_material symbol="GREETOP-material" target="#GREETOP-material">
                <bind_vertex_input semantic="map1" input_semantic="TEXCOORD" input_set="0"/>
              </instance_material>
              <instance_material symbol="MURKHW-material" target="#MURKHW-material">
                <bind_vertex_input semantic="map1" input_semantic="TEXCOORD" input_set="0"/>
              </instance_material>
              <instance_material symbol="MURKSW-material" target="#MURKSW-material">
                <bind_vertex_input semantic="map1" input_semantic="TEXCOORD" input_set="0"/>
              </instance_material>
            </technique_common>
          </bind_material>
        </instance_geometry>
        <node id="WHEEL_DAT" name="WHEEL.DAT" type="NODE">
          <matrix sid="transform">1 0 0 0.131 0 1 0 0.304 0 0 1 0.07058699 0 0 0 1</matrix>
          <instance_geometry url="#Mesh_006-mesh" name="WHEEL.DAT">
            <bind_material>
              <technique_common>
                <instance_material symbol="BGLWEEL-material" target="#BGLWEEL-material">
                  <bind_vertex_input semantic="map1" input_semantic="TEXCOORD" input_set="0"/>
                </instance_material>
              </technique_common>
            </bind_material>
          </instance_geometry>
        </node>
        <node id="WHEEL_DAT_001" name="WHEEL.DAT.001" type="NODE">
          <matrix sid="transform">1 0 0 -0.131 0 1 0 0.304 0 0 1 0.07058699 0 0 0 1</matrix>
          <instance_geometry url="#Mesh_007-mesh" name="WHEEL.DAT.001">
            <bind_material>
              <technique_common>
                <instance_material symbol="BGLWEEL-material" target="#BGLWEEL-material">
                  <bind_vertex_input semantic="map1" input_semantic="TEXCOORD" input_set="0"/>
                </instance_material>
              </technique_common>
            </bind_material>
          </instance_geometry>
        </node>
        <node id="FLPIVOT_ACT_001" name="FLPIVOT.ACT.001" type="NODE">
          <matrix sid="transform">1 0 0 0.124 0 1 0 -0.175 0 0 1 0.07058702 0 0 0 1</matrix>
          <node id="WHEEL_DAT_002" name="WHEEL.DAT.002" type="NODE">
            <matrix sid="transform">1 0 0 0 0 1 0 0 0 0 1 0 0 0 0 1</matrix>
            <instance_geometry url="#Mesh_008-mesh" name="WHEEL.DAT.002">
              <bind_material>
                <technique_common>
                  <instance_material symbol="BGLWEEL-material" target="#BGLWEEL-material">
                    <bind_vertex_input semantic="map1" input_semantic="TEXCOORD" input_set="0"/>
                  </instance_material>
                </technique_common>
              </bind_material>
            </instance_geometry>
          </node>
        </node>
        <node id="FRPIVOT_ACT_001" name="FRPIVOT.ACT.001" type="NODE">
          <matrix sid="transform">1 0 0 -0.124 0 1 0 -0.175 0 0 1 0.07058702 0 0 0 1</matrix>
          <node id="WHEEL_DAT_003" name="WHEEL.DAT.003" type="NODE">
            <matrix sid="transform">1 0 0 0 0 1 0 0 0 0 1 0 0 0 0 1</matrix>
            <instance_geometry url="#Mesh_009-mesh" name="WHEEL.DAT.003">
              <bind_material>
                <technique_common>
                  <instance_material symbol="BGLWEEL-material" target="#BGLWEEL-material">
                    <bind_vertex_input semantic="map1" input_semantic="TEXCOORD" input_set="0"/>
                  </instance_material>
                </technique_common>
              </bind_material>
            </instance_geometry>
          </node>
        </node>
      </node>
    </visual_scene>
  </library_visual_scenes>
  <scene>
    <instance_visual_scene url="#Scene"/>
  </scene>
</COLLADA>